play_type,wp,wpa,off_score,def_score,down,yards_to_go,yardline,yardline_text,quarter,seconds_left,week,home_team,away_team,offense_team,defense_team,offense_team_abbrev,defense_team_abbrev,offense_won,season_year,play_result,description,player_ids_string
Penalty,7.76914360122,2.13541574207,0,14,3,9,5,Opp 45,Q2,316,21,Atlanta Falcons,New England Patriots,New England Patriots,Atlanta Falcons,NE,ATL,True,2016,First Down,"(5:16) (Shotgun) T.Brady pass incomplete short middle to J.Edelman [D.Campbell]. PENALTY on ATL-B.Poole, Defensive Holding, 5 yards, enforced at ATL 45 - No Play.",00-0032596
Penalty,7.76914360122,1.95678504609,0,14,3,3,-1,Own 49,Q2,370,21,Atlanta Falcons,New England Patriots,New England Patriots,Atlanta Falcons,NE,ATL,True,2016,First Down,"(6:10) (Shotgun) T.Brady pass incomplete deep right to J.Edelman [D.Campbell]. PENALTY on ATL-B.Poole, Defensive Holding, 5 yards, enforced at NE 49 - No Play.",00-0032596
Rush,10.8656901843,0,0,14,1,10,23,Opp 27,Q2,239,21,Atlanta Falcons,New England Patriots,New England Patriots,Atlanta Falcons,NE,ATL,True,2016,,(3:59) D.Lewis right guard to ATL 23 for 4 yards (D.Campbell).,"00-0032401,00-0028087"
Penalty,59.904362221700005,5.23457579927,28,28,1,10,35,Opp 15,OT,678,21,Atlanta Falcons,New England Patriots,New England Patriots,Atlanta Falcons,NE,ATL,True,2016,First Down,"(11:18) (Shotgun) T.Brady pass incomplete short right to M.Bennett (D.Campbell). PENALTY on ATL-D.Campbell, Defensive Pass Interference, 13 yards, enforced at ATL 15 - No Play.",00-0032401
Pass,4.296575298860001,0,9,28,1,10,-37,Own 13,Q4,891,21,Atlanta Falcons,New England Patriots,New England Patriots,Atlanta Falcons,NE,ATL,True,2016,First Down,(14:51) (Shotgun) T.Brady pass deep right to M.Mitchell to NE 28 for 15 yards (J.Collins).,"00-0032400,00-0019596,00-0031552"
Pass,19.5867276142,4.21045808047,20,28,2,10,-25,Own 25,Q4,154,21,Atlanta Falcons,New England Patriots,New England Patriots,Atlanta Falcons,NE,ATL,True,2016,First Down,(2:34) (Shotgun) T.Brady pass short left to M.Mitchell pushed ob at NE 36 for 11 yards (J.Collins).,"00-0032400,00-0019596,00-0031552"
Pass,4.296575298860001,0,9,28,1,10,-22,Own 28,Q4,869,21,Atlanta Falcons,New England Patriots,New England Patriots,Atlanta Falcons,NE,ATL,True,2016,,(14:29) (Shotgun) T.Brady pass short middle to M.Mitchell to NE 35 for 7 yards (J.Collins).,"00-0032400,00-0019596,00-0031552"
Rush,43.142950891800005,-0.203173629496,0,0,1,10,-40,Own 10,Q1,628,21,Atlanta Falcons,New England Patriots,New England Patriots,Atlanta Falcons,NE,ATL,True,2016,,(10:28) J.Edelman right end pushed ob at NE 12 for 2 yards (K.Neal; D.Jones).,"00-0032388,00-0032382,00-0027150"
Pass,3.1687296660600004,0.500278889992,0,21,2,7,-22,Own 28,Q2,120,21,Atlanta Falcons,New England Patriots,New England Patriots,Atlanta Falcons,NE,ATL,True,2016,First Down,(2:00) (Shotgun) T.Brady pass short left to M.Bennett to NE 43 for 15 yards (K.Neal; R.Allen) [V.Beasley]. ATL-D.Campbell was injured during the play.,"00-0032382,00-0032240,00-0031181,00-0019596,00-0026201"
Rush,4.296575298860001,0.0359149564768,9,28,2,3,-15,Own 35,Q4,840,21,Atlanta Falcons,New England Patriots,New England Patriots,Atlanta Falcons,NE,ATL,True,2016,First Down,(14:00) (Shotgun) J.White up the middle to NE 41 for 6 yards (K.Neal).,"00-0032382,00-0031062"
Pass,6.5427474761,-0.00921421200072,12,28,2,15,20,Opp 30,Q4,461,21,Atlanta Falcons,New England Patriots,New England Patriots,Atlanta Falcons,NE,ATL,True,2016,,(7:41) (Shotgun) T.Brady pass short middle to J.White to ATL 26 for 4 yards (K.Neal).,"00-0032382,00-0019596,00-0031062"
Pass,23.797185694699998,2.51986898268,20,28,1,10,-14,Own 36,Q4,148,21,Atlanta Falcons,New England Patriots,New England Patriots,Atlanta Falcons,NE,ATL,True,2016,First Down,"(2:28) (Shotgun) T.Brady pass deep middle to J.Edelman to ATL 41 for 23 yards (K.Neal). Atlanta challenged the pass completion ruling, and the play was Upheld. The ruling on the field was confirmed. (Timeout #3.)","00-0032382,00-0019596,00-0027150"
Pass,7.48367216302,0.285471438202,0,14,1,10,-25,Own 25,Q2,528,21,Atlanta Falcons,New England Patriots,New England Patriots,Atlanta Falcons,NE,ATL,True,2016,First Down,"(8:48) (Shotgun) T.Brady pass short middle to M.Bennett to NE 37 for 12 yards (J.Collins, K.Neal).","00-0032382,00-0019596,00-0026201,00-0031552"
Pass,4.296575298860001,-6.93889390391e-16,0,21,2,10,35,Opp 15,Q2,18,21,Atlanta Falcons,New England Patriots,New England Patriots,Atlanta Falcons,NE,ATL,True,2016,,"(:18) (Shotgun) T.Brady pass short left to J.White pushed ob at ATL 3 for 12 yards (K.Neal). PENALTY on NE-M.Bennett, Offensive Holding, 10 yards, enforced at ATL 10.","00-0032382,00-0019596,00-0026201,00-0031062"
Pass,4.79235146097,1.74118180313,9,28,3,1,18,Opp 32,Q4,740,21,Atlanta Falcons,New England Patriots,New England Patriots,Atlanta Falcons,NE,ATL,True,2016,First Down,(12:20) (Shotgun) T.Brady pass deep right to M.Bennett to ATL 7 for 25 yards (K.Neal).,"00-0032382,00-0019596,00-0026201"
Pass,65.138938021,-1.4354683693199999,28,28,1,2,48,Opp 2,OT,673,21,Atlanta Falcons,New England Patriots,New England Patriots,Atlanta Falcons,NE,ATL,True,2016,,(11:13) T.Brady pass incomplete short right to M.Bennett (V.Beasley).,"00-0032240,00-0019596,00-0026201"
Rush,97.2739975948,0,21,3,1,10,-18,Own 32,Q3,727,21,Atlanta Falcons,New England Patriots,Atlanta Falcons,New England Patriots,ATL,NE,False,2016,,(12:07) T.Coleman right tackle to ATL 37 for 5 yards (E.Roberts).,"00-0032058,00-0032442"
Rush,57.1844351949,0,0,0,2,8,-17,Own 33,Q1,184,21,Atlanta Falcons,New England Patriots,Atlanta Falcons,New England Patriots,ATL,NE,False,2016,,(3:04) (Shotgun) T.Coleman left end pushed ob at ATL 38 for 5 yards (L.Ryan).,"00-0032058,00-0030411"
Rush,95.6709988639,0.042543333124499996,28,12,1,10,-23,Own 27,Q4,580,21,Atlanta Falcons,New England Patriots,Atlanta Falcons,New England Patriots,ATL,NE,False,2016,,(9:40) T.Coleman right end to ATL 35 for 8 yards (P.Chung).,"00-0032058,00-0027010"
Rush,98.100997751,-0.0754792679856,21,3,1,10,22,Opp 28,Q3,666,21,Atlanta Falcons,New England Patriots,Atlanta Falcons,New England Patriots,ATL,NE,False,2016,,(11:06) T.Coleman left end pushed ob at NE 28 for no gain (P.Chung).,"00-0032058,00-0027010"
Pass,4.296575298860001,-0.627566742807,0,21,2,15,30,Opp 20,Q2,12,21,Atlanta Falcons,New England Patriots,New England Patriots,Atlanta Falcons,NE,ATL,True,2016,,(:12) (Shotgun) T.Brady pass short left to M.Bennett to ATL 23 for -3 yards (D.Olatoye; G.Jarrett).,"00-0031583,00-0030699,00-0019596,00-0026201"
Rush,10.8656901843,-0.8457801749470001,0,14,2,6,27,Opp 23,Q2,203,21,Atlanta Falcons,New England Patriots,New England Patriots,Atlanta Falcons,NE,ATL,True,2016,,(3:23) D.Lewis left guard to ATL 23 for no gain (G.Jarrett).,"00-0031583,00-0028087"
Pass,19.5867276142,-2.89886309342,20,28,1,10,-41,Own 9,Q4,210,21,Atlanta Falcons,New England Patriots,New England Patriots,Atlanta Falcons,NE,ATL,True,2016,,(3:30) (Shotgun) T.Brady pass incomplete short right to J.White [G.Jarrett].,"00-0031583,00-0019596,00-0031062"
Pass,5.543705205869999,-1.21121495054,9,28,3,10,40,Opp 10,Q4,625,21,Atlanta Falcons,New England Patriots,New England Patriots,Atlanta Falcons,NE,ATL,True,2016,Sack,(10:25) (Shotgun) T.Brady sacked at ATL 15 for -5 yards (G.Jarrett).,"00-0031583,00-0019596"
Pass,45.7879772848,-2.84820002249,0,0,3,18,2,Opp 48,Q1,348,21,Atlanta Falcons,New England Patriots,New England Patriots,Atlanta Falcons,NE,ATL,True,2016,Sack,(5:48) (Shotgun) T.Brady sacked at ATL 49 for -1 yards (G.Jarrett).,"00-0031583,00-0019596"
Pass,6.5335332641,-0.9898280582250001,9,28,1,7,43,Opp 7,Q4,708,21,Atlanta Falcons,New England Patriots,New England Patriots,Atlanta Falcons,NE,ATL,True,2016,Sack,(11:48) (Shotgun) T.Brady sacked at ATL 12 for -5 yards (G.Jarrett).,"00-0031583,00-0019596"
Rush,95.713542197,-0.042543333124499996,28,12,2,2,-15,Own 35,Q4,540,21,Atlanta Falcons,New England Patriots,Atlanta Falcons,New England Patriots,ATL,NE,False,2016,,(9:00) T.Coleman up the middle to ATL 36 for 1 yard (T.Flowers; L.Ryan). ATL-T.Coleman was injured during the play.,"00-0031566,00-0032058,00-0030411"
Rush,60.6523094614,0,0,0,1,10,-5,Own 45,Q1,775,21,Atlanta Falcons,New England Patriots,Atlanta Falcons,New England Patriots,ATL,NE,False,2016,,"(12:55) D.Freeman left end to ATL 48 for 3 yards (T.Flowers, M.Brown).","00-0031566,00-0031285,00-0032261"
Rush,98.100997751,0,21,3,1,10,35,Opp 15,Q3,597,21,Atlanta Falcons,New England Patriots,Atlanta Falcons,New England Patriots,ATL,NE,False,2016,,(9:57) D.Freeman right tackle to NE 6 for 9 yards (T.Flowers).,"00-0031566,00-0031285"
Rush,98.100997751,-1.1102230246299998e-14,21,3,2,1,44,Opp 6,Q3,568,21,Atlanta Falcons,New England Patriots,Atlanta Falcons,New England Patriots,ATL,NE,False,2016,,(9:28) D.Freeman up the middle to NE 9 for -3 yards (E.Rowe; R.Ninkovich).,"00-0031555,00-0024349,00-0031285"
Rush,1.37493556332,0.0995534365242,3,28,1,10,-11,Own 39,Q3,433,21,Atlanta Falcons,New England Patriots,New England Patriots,Atlanta Falcons,NE,ATL,True,2016,,(7:13) (Shotgun) D.Lewis up the middle pushed ob at NE 47 for 8 yards (J.Collins).,"00-0031552,00-0028087"
Pass,6.5335332641,2.96396434157,12,28,3,11,24,Opp 26,Q4,423,21,Atlanta Falcons,New England Patriots,New England Patriots,Atlanta Falcons,NE,ATL,True,2016,First Down,(7:03) (Shotgun) T.Brady pass short left to M.Mitchell to ATL 14 for 12 yards (C.Goodwin).,"00-0031357,00-0032400,00-0019596"
Pass,22.7917540182,-2.4191591899300002,0,7,1,10,-34,Own 16,Q2,730,21,Atlanta Falcons,New England Patriots,New England Patriots,Atlanta Falcons,NE,ATL,True,2016,,(12:10) (Shotgun) T.Brady pass incomplete deep right to M.Mitchell (C.Goodwin).,"00-0031357,00-0032400,00-0019596"
Pass,19.5867276142,-1.50760136155,0,7,3,7,-31,Own 19,Q2,677,21,Atlanta Falcons,New England Patriots,New England Patriots,Atlanta Falcons,NE,ATL,True,2016,,(11:17) (Shotgun) T.Brady pass short left to J.White to NE 24 for 5 yards (C.Goodwin).,"00-0031357,00-0019596,00-0031062"
Rush,70.2902570215,8.58998290859,0,0,2,1,45,Opp 5,Q2,740,21,Atlanta Falcons,New England Patriots,Atlanta Falcons,New England Patriots,ATL,NE,False,2016,Touchdown,"(12:20) (Shotgun) D.Freeman left end for 5 yards, TOUCHDOWN.",00-0031285
Penalty,98.100997751,-1.1102230246299998e-14,28,9,2,1,18,Opp 32,Q3,90,21,Atlanta Falcons,New England Patriots,Atlanta Falcons,New England Patriots,ATL,NE,False,2016,,"(1:30) T.Coleman left tackle to NE 33 for -1 yards (T.Flowers). PENALTY on ATL-J.Matthews, Offensive Holding, 10 yards, enforced at NE 32 - No Play.",00-0031279
Penalty,85.9449760766,-3.00990252322,28,20,3,23,15,Opp 35,Q4,230,21,Atlanta Falcons,New England Patriots,Atlanta Falcons,New England Patriots,ATL,NE,False,2016,,"(3:50) (Shotgun) M.Ryan pass short left to M.Sanu pushed ob at NE 26 for 9 yards (L.Ryan). PENALTY on ATL-J.Matthews, Offensive Holding, 10 yards, enforced at NE 35 - No Play.",00-0031279
Penalty,98.100997751,0.375377443844,21,3,3,4,41,Opp 9,Q3,523,21,Atlanta Falcons,New England Patriots,Atlanta Falcons,New England Patriots,ATL,NE,False,2016,First Down,"(8:43) (Shotgun) M.Ryan pass incomplete short middle to T.Gabriel (M.Butler). PENALTY on NE-M.Butler, Defensive Pass Interference, 3 yards, enforced at NE 9 - No Play.",00-0031218
Rush,20.3725948282,-0.7858672140290001,0,7,2,10,-34,Own 16,Q2,724,21,Atlanta Falcons,New England Patriots,New England Patriots,Atlanta Falcons,NE,ATL,True,2016,,(12:04) D.Lewis up the middle to NE 19 for 3 yards (R.Allen).,"00-0031181,00-0028087"
Pass,31.238311183599997,2.26618373168,20,28,1,10,29,Opp 21,Q4,117,21,Atlanta Falcons,New England Patriots,New England Patriots,Atlanta Falcons,NE,ATL,True,2016,First Down,(1:57) (Shotgun) T.Brady pass short right to J.White to ATL 8 for 13 yards (B.Poole; R.Allen).,"00-0031181,00-0019596,00-0031062,00-0032596"
Pass,3.6690085560499996,0.627566742807,0,21,2,10,-7,Own 43,Q2,97,21,Atlanta Falcons,New England Patriots,New England Patriots,Atlanta Falcons,NE,ATL,True,2016,First Down,(1:37) (Shotgun) T.Brady pass short right to J.White to ATL 29 for 28 yards (R.Allen).,"00-0031181,00-0019596,00-0031062"
Pass,9.497497605669999,0.22843104164199998,12,28,1,10,36,Opp 14,Q4,394,21,Atlanta Falcons,New England Patriots,New England Patriots,Atlanta Falcons,NE,ATL,True,2016,,(6:34) (Shotgun) T.Brady pass short left to D.Amendola to ATL 6 for 8 yards (R.Allen).,"00-0031181,00-0019596,00-0026035"
Pass,5.543705205869999,1.38777878078e-15,9,28,2,12,38,Opp 12,Q4,667,21,Atlanta Falcons,New England Patriots,New England Patriots,Atlanta Falcons,NE,ATL,True,2016,,"(11:07) (Shotgun) T.Brady pass short left to J.White to ATL 10 for 2 yards (J.Collins, D.Campbell).","00-0031062,00-0032401,00-0019596,00-0031552"
Pass,0.8415513688549999,0.5333841944650001,3,28,2,8,-23,Own 27,Q3,471,21,Atlanta Falcons,New England Patriots,New England Patriots,Atlanta Falcons,NE,ATL,True,2016,First Down,(7:51) (Shotgun) T.Brady pass short left to J.White to NE 39 for 12 yards (J.Collins; R.Allen).,"00-0031062,00-0031181,00-0019596,00-0031552"
Pass,48.423920802800005,4.51973578893,0,0,3,1,-1,Own 49,Q1,435,21,Atlanta Falcons,New England Patriots,New England Patriots,Atlanta Falcons,NE,ATL,True,2016,First Down,(7:15) (Shotgun) T.Brady pass short middle to J.White to ATL 40 for 11 yards (J.Collins).,"00-0031062,00-0019596,00-0031552"
Rush,34.1864229583,10.1609646993,20,28,2,1,49,Opp 1,Q4,60,21,Atlanta Falcons,New England Patriots,New England Patriots,Atlanta Falcons,NE,ATL,True,2016,Touchdown,"(1:00) J.White right guard for 1 yard, TOUCHDOWN.",00-0031062
Rush,63.7034696517,0,28,28,2,2,48,Opp 2,OT,668,21,Atlanta Falcons,New England Patriots,New England Patriots,Atlanta Falcons,NE,ATL,True,2016,Touchdown,"(11:08) J.White right end for 2 yards, TOUCHDOWN.",00-0031062
Rush,17.119848640999997,-1.76582908876,18,28,0,0,48,Opp 2,Q4,356,21,Atlanta Falcons,New England Patriots,New England Patriots,Atlanta Falcons,NE,ATL,True,2016,,(Direct Snap) TWO-POINT CONVERSION ATTEMPT. J.White rushes up the middle. ATTEMPT SUCCEEDS.,00-0031062
Pass,9.72592864731,1.13976153696,0,14,2,10,10,Opp 40,Q2,276,21,Atlanta Falcons,New England Patriots,New England Patriots,Atlanta Falcons,NE,ATL,True,2016,First Down,(4:36) T.Brady pass short middle to M.Bennett to ATL 27 for 13 yards (D.Olatoye).,"00-0030699,00-0019596,00-0026201"
Pass,4.296575298860001,0.495776162111,9,28,2,10,-9,Own 41,Q4,793,21,Atlanta Falcons,New England Patriots,New England Patriots,Atlanta Falcons,NE,ATL,True,2016,First Down,(13:13) (Shotgun) T.Brady pass short right to M.Mitchell to ATL 41 for 18 yards (R.Alford).,"00-0030528,00-0032400,00-0019596"
Rush,3.1687296660600004,0,0,21,1,10,-25,Own 25,Q2,141,21,Atlanta Falcons,New England Patriots,New England Patriots,Atlanta Falcons,NE,ATL,True,2016,,"(2:21) (Shotgun) J.White right guard to NE 28 for 3 yards (R.Hageman, R.Alford).","00-0030528,00-0031281,00-0031062"
Rush,58.2125144553,1.6918477664300002,28,28,1,10,25,Opp 25,OT,716,21,Atlanta Falcons,New England Patriots,New England Patriots,Atlanta Falcons,NE,ATL,True,2016,First Down,(11:56) (Shotgun) J.White right end pushed ob at ATL 15 for 10 yards (R.Alford).,"00-0030528,00-0031062"
Rush,7.76914360122,-1.38777878078e-15,0,14,2,10,-8,Own 42,Q2,413,21,Atlanta Falcons,New England Patriots,New England Patriots,Atlanta Falcons,NE,ATL,True,2016,,(6:53) (Shotgun) J.White right end to NE 49 for 7 yards (R.Alford).,"00-0030528,00-0031062"
Rush,2.7596181986,0.40911146745599997,3,28,2,6,34,Opp 16,Q3,197,21,Atlanta Falcons,New England Patriots,New England Patriots,Atlanta Falcons,NE,ATL,True,2016,First Down,(3:17) L.Blount right tackle to ATL 7 for 9 yards (R.Alford).,"00-0030528,00-0027325"
Pass,4.79235146097,0.32903427512399996,9,28,1,10,9,Opp 41,Q4,767,21,Atlanta Falcons,New England Patriots,New England Patriots,Atlanta Falcons,NE,ATL,True,2016,,(12:47) (Shotgun) T.Brady pass short right to J.White pushed ob at ATL 32 for 9 yards (R.Alford).,"00-0030528,00-0019596,00-0031062"
Pass,44.8475217073,3.33609133215,0,0,1,10,-32,Own 18,Q1,96,21,Atlanta Falcons,New England Patriots,New England Patriots,Atlanta Falcons,NE,ATL,True,2016,First Down,(1:36) (Shotgun) T.Brady pass short left to J.Edelman to NE 31 for 13 yards (R.Alford).,"00-0030528,00-0019596,00-0027150"
Pass,48.1836130394,6.67697770814,0,0,3,1,-10,Own 40,Q2,900,21,Atlanta Falcons,New England Patriots,New England Patriots,Atlanta Falcons,NE,ATL,True,2016,First Down,(15:00) (Shotgun) T.Brady pass deep right to J.Edelman to ATL 33 for 27 yards (R.Alford).,"00-0030528,00-0019596,00-0027150"
Pass,52.94365659180001,5.26885786354,28,28,2,13,10,Opp 40,OT,757,21,Atlanta Falcons,New England Patriots,New England Patriots,Atlanta Falcons,NE,ATL,True,2016,First Down,(12:37) (Shotgun) T.Brady pass short left to J.Edelman to ATL 25 for 15 yards (R.Alford).,"00-0030528,00-0019596,00-0027150"
Rush,1.4999813202799999,1.25963687832,3,28,3,8,15,Opp 35,Q3,289,21,Atlanta Falcons,New England Patriots,New England Patriots,Atlanta Falcons,NE,ATL,True,2016,First Down,(4:49) (Shotgun) T.Brady scrambles up the middle to ATL 20 for 15 yards (R.Alford).,"00-0030528,00-0019596"
Penalty,6.99112978525,2.27256961031,0,14,3,10,-13,Own 37,Q2,482,21,Atlanta Falcons,New England Patriots,New England Patriots,Atlanta Falcons,NE,ATL,True,2016,First Down,"(8:02) (Shotgun) T.Brady pass short right to J.White to NE 45 for 8 yards (D.Jones; D.Campbell) [D.Freeney]. PENALTY on ATL-R.Alford, Defensive Holding, 5 yards, enforced at NE 37 - No Play.",00-0030528
Rush,68.7479600862,1.54229693533,0,0,1,10,36,Opp 14,Q2,766,21,Atlanta Falcons,New England Patriots,Atlanta Falcons,New England Patriots,ATL,NE,False,2016,,(12:46) D.Freeman left tackle to NE 5 for 9 yards (D.Harmon).,"00-0030383,00-0031285"
Rush,9.26369939555,-1.49455579433,0,14,1,10,-8,Own 42,Q2,454,21,Atlanta Falcons,New England Patriots,New England Patriots,Atlanta Falcons,NE,ATL,True,2016,,(7:34) L.Blount left tackle to NE 42 for no gain (J.Vellano; J.Babineaux).,"00-0030001,00-0027325,00-0023494"
Punt,42.9397772623,3.04920323557,0,0,4,1,-16,Own 34,Q1,827,21,Atlanta Falcons,New England Patriots,New England Patriots,Atlanta Falcons,NE,ATL,True,2016,,"(13:47) R.Allen punts 51 yards to ATL 15, Center-J.Cardona. E.Weems pushed ob at ATL 16 for 1 yard (B.Mingo). PENALTY on ATL-P.Worrilow, Offensive Holding, 7 yards, enforced at ATL 15.","00-0029984,00-0024535,00-0029792,00-0030558"
Punt,42.9397772623,1.6374943716500001,0,0,4,19,1,Opp 49,Q1,314,21,Atlanta Falcons,New England Patriots,New England Patriots,Atlanta Falcons,NE,ATL,True,2016,,"(5:14) R.Allen punts 37 yards to ATL 12, Center-J.Cardona, fair catch by E.Weems.","00-0029984,00-0024535"
Punt,4.296575298860001,-0.0101174958848,3,21,4,12,-5,Own 45,Q3,772,21,Atlanta Falcons,New England Patriots,New England Patriots,Atlanta Falcons,NE,ATL,True,2016,,"(12:52) R.Allen punts 40 yards to ATL 15, Center-J.Cardona, fair catch by E.Weems. (The Punt Hangtime was 4.19 seconds.)","00-0029984,00-0024535"
Punt,18.0791262527,-1.0141998060000001,0,7,4,2,-26,Own 24,Q2,645,21,Atlanta Falcons,New England Patriots,New England Patriots,Atlanta Falcons,NE,ATL,True,2016,,"(10:45) R.Allen punts 38 yards to ATL 38, Center-J.Cardona, downed by NE-J.Jones. (The Punt Hangtime was 3.88 seconds.)",00-0029984
Rush,95.713542197,0,21,3,1,10,-31,Own 19,Q3,894,21,Atlanta Falcons,New England Patriots,Atlanta Falcons,New England Patriots,ATL,NE,False,2016,,(14:54) (Shotgun) D.Freeman left tackle to ATL 16 for -3 yards (D.Hightower).,"00-0029669,00-0031285"
Pass,48.2941729243,-2.5061956395,0,0,2,18,2,Opp 48,Q1,355,21,Atlanta Falcons,New England Patriots,New England Patriots,Atlanta Falcons,NE,ATL,True,2016,,(5:55) (Shotgun) T.Brady pass incomplete deep left to J.White (D.Jones) [C.Upshaw].,"00-0029252,00-0019596,00-0032388,00-0031062"
Pass,52.94365659180001,-4.64948366748,0,0,1,10,10,Opp 40,Q1,396,21,Atlanta Falcons,New England Patriots,New England Patriots,Atlanta Falcons,NE,ATL,True,2016,Sack,(6:36) T.Brady sacked at ATL 48 for -8 yards (C.Upshaw).,"00-0029252,00-0019596"
Penalty,93.59437848820001,0,13,0,0,0,35,Opp 15,Q2,528,21,Atlanta Falcons,New England Patriots,Atlanta Falcons,New England Patriots,ATL,NE,False,2016,,"(Kick formation) PENALTY on NE-S.McClellin, Illegal Formation, 5 yards, enforced at NE 15 - No Play.",00-0029250
Pass,56.46650173060001,2.6613285091999996,0,0,2,1,-29,Own 21,Q1,265,21,Atlanta Falcons,New England Patriots,Atlanta Falcons,New England Patriots,ATL,NE,False,2016,First Down,"(4:25) (Shotgun) M.Ryan pass short left to P.DiMarco to ATL 31 for 10 yards (P.Chung, L.Ryan) [D.Hightower].","00-0028581,00-0026143,00-0027010,00-0029669,00-0030411"
Pass,52.94365659180001,2.64389392004,28,28,1,10,-5,Own 45,OT,839,21,Atlanta Falcons,New England Patriots,New England Patriots,Atlanta Falcons,NE,ATL,True,2016,First Down,(13:59) (Shotgun) T.Brady pass short left to C.Hogan to ATL 37 for 18 yards (K.Neal; D.Jones).,"00-0028237,00-0019596,00-0032388,00-0032382"
Pass,4.296575298860001,6.93889390391e-16,0,21,1,10,21,Opp 29,Q2,59,21,Atlanta Falcons,New England Patriots,New England Patriots,Atlanta Falcons,NE,ATL,True,2016,,(:59) (Shotgun) T.Brady pass short right to C.Hogan to ATL 21 for 8 yards (K.Neal).,"00-0028237,00-0019596,00-0032382"
Pass,47.9024108048,1.47752911549,0,0,1,10,-25,Own 25,Q1,562,21,Atlanta Falcons,New England Patriots,New England Patriots,Atlanta Falcons,NE,ATL,True,2016,First Down,(9:22) T.Brady pass short left to C.Hogan to NE 40 for 15 yards (J.Collins).,"00-0028237,00-0019596,00-0031552"
Pass,15.8638097066,5.47950992781,20,28,3,10,-41,Own 9,Q4,197,21,Atlanta Falcons,New England Patriots,New England Patriots,Atlanta Falcons,NE,ATL,True,2016,First Down,(3:17) (Shotgun) T.Brady pass short right to C.Hogan to NE 25 for 16 yards (J.Collins).,"00-0028237,00-0019596,00-0031552"
Pass,16.687864520799998,-0.8240548141749999,20,28,2,10,-41,Own 9,Q4,204,21,Atlanta Falcons,New England Patriots,New England Patriots,Atlanta Falcons,NE,ATL,True,2016,,(3:24) (Shotgun) T.Brady pass incomplete deep right to C.Hogan.,"00-0028237,00-0019596"
Pass,4.79235146097,-0.276065742167,3,21,1,10,-3,Own 47,Q3,787,21,Atlanta Falcons,New England Patriots,New England Patriots,Atlanta Falcons,NE,ATL,True,2016,,(13:07) (Shotgun) T.Brady pass incomplete deep left to C.Hogan.,"00-0028237,00-0019596"
Pass,4.296575298860001,0,0,21,2,2,29,Opp 21,Q2,33,21,Atlanta Falcons,New England Patriots,New England Patriots,Atlanta Falcons,NE,ATL,True,2016,,(:33) (Shotgun) T.Brady pass incomplete short right to C.Hogan.,"00-0028237,00-0019596"
Kickoff,74.49445851760001,2.71378746427,7,0,0,0,-15,Own 35,Q2,735,21,Atlanta Falcons,New England Patriots,Atlanta Falcons,New England Patriots,ATL,NE,False,2016,,M.Bosher kicks 69 yards from ATL 35 to NE -4. D.Lewis to NE 16 for 20 yards (S.Neasman).,"00-0028130,00-0032592,00-0028087"
Punt,51.48732703020001,5.369722078,0,0,4,15,-10,Own 40,Q1,641,21,Atlanta Falcons,New England Patriots,Atlanta Falcons,New England Patriots,ATL,NE,False,2016,,"(10:41) M.Bosher punts 55 yards to NE 5, Center-J.Harris. J.Edelman to NE 10 for 5 yards (C.Goodwin; P.DiMarco).","00-0028130,00-0031357,00-0028581,00-0027150"
Punt,51.7276347936,-1.63230171008,28,28,4,6,-23,Own 27,Q4,11,21,Atlanta Falcons,New England Patriots,Atlanta Falcons,New England Patriots,ATL,NE,False,2016,,"(:11) M.Bosher punts 38 yards to NE 35, Center-J.Harris, fair catch by J.Edelman.","00-0028130,00-0027150"
Punt,78.8802399301,1.5330324557200001,28,20,4,33,5,Opp 45,Q4,218,21,Atlanta Falcons,New England Patriots,Atlanta Falcons,New England Patriots,ATL,NE,False,2016,,"(3:38) M.Bosher punts 36 yards to NE 9, Center-J.Harris, fair catch by J.Edelman. (The Punt Hangtime was 4.31 seconds.)","00-0028130,00-0027150"
Punt,95.713542197,-0.0101174958848,28,9,4,25,-6,Own 44,Q4,900,21,Atlanta Falcons,New England Patriots,Atlanta Falcons,New England Patriots,ATL,NE,False,2016,,"(15:00) M.Bosher punts 42 yards to NE 14, Center-J.Harris. P.Chung to NE 13 for -1 yards (J.Hardy).","00-0028130,00-0027010,00-0031570"
Punt,95.6709988639,-0.46335032487100003,21,3,4,6,-27,Own 23,Q3,799,21,Atlanta Falcons,New England Patriots,Atlanta Falcons,New England Patriots,ATL,NE,False,2016,,"(13:19) M.Bosher punts 56 yards to NE 21, Center-J.Harris. J.Edelman to NE 47 for 26 yards (C.Goodwin). Atlanta challenged the runner was in bounds ruling, and the play was REVERSED. M.Bosher punts 56 yards to NE 21, Center-J.Harris. J.Edelman to NE 47 for 26 yards (E.Weems).","00-0028130,00-0024535,00-0027150"
Punt,52.092864886,3.05961340679,0,0,4,5,-14,Own 36,Q1,108,21,Atlanta Falcons,New England Patriots,Atlanta Falcons,New England Patriots,ATL,NE,False,2016,,"(1:48) M.Bosher punts 55 yards to NE 9, Center-J.Harris. J.Edelman pushed ob at NE 18 for 9 yards (E.Weems).","00-0028130,00-0024535,00-0027150"
Kickoff,51.48732703020001,0.329059930386,28,28,0,0,-15,Own 35,OT,900,21,Atlanta Falcons,New England Patriots,Atlanta Falcons,New England Patriots,ATL,NE,False,2016,,"M.Bosher kicks 65 yards from ATL 35 to end zone, Touchback.",00-0028130
Kickoff,99.0566777228,0.10177090836000001,28,3,0,0,-15,Own 35,Q3,511,21,Atlanta Falcons,New England Patriots,Atlanta Falcons,New England Patriots,ATL,NE,False,2016,,"M.Bosher kicks 65 yards from ATL 35 to end zone, Touchback.",00-0028130
Kickoff,97.5550483529,-0.723778018955,21,0,0,0,-15,Own 35,Q2,141,21,Atlanta Falcons,New England Patriots,Atlanta Falcons,New England Patriots,ATL,NE,False,2016,,"M.Bosher kicks 65 yards from ATL 35 to end zone, Touchback.",00-0028130
Kickoff,48.942439815099995,3.1551493801,0,0,0,0,-15,Own 35,Q1,900,21,Atlanta Falcons,New England Patriots,Atlanta Falcons,New England Patriots,ATL,NE,False,2016,,"M.Bosher kicks 65 yards from ATL 35 to end zone, Touchback.",00-0028130
Penalty,95.713542197,0,28,9,4,20,-1,Own 49,Q3,4,21,Atlanta Falcons,New England Patriots,Atlanta Falcons,New England Patriots,ATL,NE,False,2016,,"(:04) (Punt formation) PENALTY on ATL-M.Bosher, Delay of Game, 5 yards, enforced at ATL 49 - No Play.",00-0028130
Kickoff,92.9439252336,-0.42759739666900004,14,0,0,0,-15,Own 35,Q2,528,21,Atlanta Falcons,New England Patriots,Atlanta Falcons,New England Patriots,ATL,NE,False,2016,,"M.Bosher kicks 65 yards from ATL 35 to end zone, Touchback.",00-0028130
Pass,1.17467143117,-0.599958787489,3,28,3,3,-4,Own 46,Q3,372,21,Atlanta Falcons,New England Patriots,New England Patriots,Atlanta Falcons,NE,ATL,True,2016,,(6:12) J.Edelman pass incomplete deep right to D.Lewis.,"00-0028087,00-0027150"
Rush,49.9046669164,-1.39199394665,28,28,1,10,-15,Own 35,Q4,3,21,Atlanta Falcons,New England Patriots,New England Patriots,Atlanta Falcons,NE,ATL,True,2016,First Down,(:03) D.Lewis left end ran ob at NE 48 for 13 yards. NE-D.Lewis was injured during the play. His return is Questionable.,00-0028087
Rush,1.4744889998400001,-0.299817568677,3,28,2,2,-3,Own 47,Q3,406,21,Atlanta Falcons,New England Patriots,New England Patriots,Atlanta Falcons,NE,ATL,True,2016,,(6:46) (Shotgun) D.Lewis up the middle to NE 46 for -1 yards (B.Reed).,"00-0027980,00-0028087"
Rush,86.8873523441,1.1102230246299998e-14,28,20,1,10,-1,Own 49,Q4,318,21,Atlanta Falcons,New England Patriots,Atlanta Falcons,New England Patriots,ATL,NE,False,2016,,"(5:18) D.Freeman right end to NE 49 for 2 yards (J.Sheard, P.Chung). ATL-R.Schraeder was injured during the play.","00-0027975,00-0031285,00-0027010"
Rush,55.4227283661,1.04377336456,0,0,1,10,-38,Own 12,Q1,308,21,Atlanta Falcons,New England Patriots,Atlanta Falcons,New England Patriots,ATL,NE,False,2016,,(5:08) (Shotgun) T.Coleman right end to ATL 21 for 9 yards (D.McCourty).,"00-0027647,00-0032058"
Rush,54.0110195021,6.64128995927,0,0,1,10,-42,Own 8,Q1,817,21,Atlanta Falcons,New England Patriots,Atlanta Falcons,New England Patriots,ATL,NE,False,2016,First Down,(13:37) D.Freeman left end to ATL 45 for 37 yards (M.Butler; D.McCourty).,"00-0027647,00-0031285,00-0031218"
Rush,90.9050094902,-1.2334940645699999,28,20,1,10,28,Opp 22,Q4,280,21,Atlanta Falcons,New England Patriots,Atlanta Falcons,New England Patriots,ATL,NE,False,2016,,(4:40) D.Freeman left end to NE 23 for -1 yards (D.McCourty).,"00-0027647,00-0031285"
Rush,66.2951822822,2.452777804,0,0,1,10,21,Opp 29,Q2,791,21,Atlanta Falcons,New England Patriots,Atlanta Falcons,New England Patriots,ATL,NE,False,2016,First Down,(13:11) D.Freeman right tackle to NE 14 for 15 yards (D.McCourty).,"00-0027647,00-0031285"
Rush,48.423920802800005,-0.240307763426,0,0,2,3,-12,Own 38,Q1,24,21,Atlanta Falcons,New England Patriots,New England Patriots,Atlanta Falcons,NE,ATL,True,2016,,(:24) (Shotgun) L.Blount up the middle to NE 40 for 2 yards (D.Campbell).,"00-0027325,00-0032401"
Rush,54.860590747500005,-13.1609874601,0,0,1,10,17,Opp 33,Q2,859,21,Atlanta Falcons,New England Patriots,New England Patriots,Atlanta Falcons,NE,ATL,True,2016,Fumble,"(14:19) L.Blount left tackle to ATL 29 for 4 yards (D.Jones). FUMBLES (D.Jones), RECOVERED by ATL-R.Alford at ATL 29. R.Alford to ATL 29 for no gain (J.Edelman). Penalty on NE-M.Bennett, Offensive Holding, declined.","00-0027325,00-0032388,00-0030528,00-0027150"
Rush,47.2431574619,-4.303380199589999,0,0,3,1,-16,Own 34,Q1,866,21,Atlanta Falcons,New England Patriots,New England Patriots,Atlanta Falcons,NE,ATL,True,2016,,(14:26) L.Blount right tackle to NE 34 for no gain (D.Jones).,"00-0027325,00-0032388"
Rush,2.7596181986,3.46944695195e-16,3,28,1,10,30,Opp 20,Q3,247,21,Atlanta Falcons,New England Patriots,New England Patriots,Atlanta Falcons,NE,ATL,True,2016,,(4:07) L.Blount right guard to ATL 16 for 4 yards (K.Neal).,"00-0027325,00-0032382"
Rush,9.904559343299999,-0.178630695989,0,14,1,10,10,Opp 40,Q2,312,21,Atlanta Falcons,New England Patriots,New England Patriots,Atlanta Falcons,NE,ATL,True,2016,,(5:12) (Shotgun) L.Blount up the middle to ATL 40 for no gain (R.Hageman).,"00-0027325,00-0031281"
Rush,48.1836130394,0.240307763426,0,0,1,10,-19,Own 31,Q1,58,21,Atlanta Falcons,New England Patriots,New England Patriots,Atlanta Falcons,NE,ATL,True,2016,,(:58) (Shotgun) L.Blount up the middle to NE 38 for 7 yards (R.Alford; R.Allen).,"00-0027325,00-0031181,00-0030528"
Rush,49.3799399203,-1.1963268809,0,0,1,10,-10,Own 40,Q1,518,21,Atlanta Falcons,New England Patriots,New England Patriots,Atlanta Falcons,NE,ATL,True,2016,,"(8:38) (Shotgun) L.Blount left tackle to NE 42 for 2 yards (K.Neal, B.Reed).","00-0027325,00-0027980,00-0032382"
Rush,3.1687296660600004,-0.3457030195,3,28,1,7,43,Opp 7,Q3,163,21,Atlanta Falcons,New England Patriots,New England Patriots,Atlanta Falcons,NE,ATL,True,2016,,(2:43) (Shotgun) L.Blount up the middle to ATL 5 for 2 yards (B.Reed).,"00-0027325,00-0027980"
Rush,9.72592864731,-0.233798210116,0,14,1,10,4,Opp 46,Q2,361,21,Atlanta Falcons,New England Patriots,New England Patriots,Atlanta Falcons,NE,ATL,True,2016,,(6:01) L.Blount right end to ATL 45 for 1 yard (T.Jackson).,"00-0027325,00-0026980"
Pass,55.651745066299995,-3.9241102726899997,28,28,3,6,-23,Own 27,Q4,18,21,Atlanta Falcons,New England Patriots,Atlanta Falcons,New England Patriots,ATL,NE,False,2016,,"(:18) (Shotgun) M.Ryan pass incomplete deep left to A.Hooper [T.Flowers]. The Replay Official reviewed the incomplete pass ruling, and the play was Upheld. The ruling on the field was confirmed.","00-0026143,00-0032392,00-0031566"
Pass,59.127830239800005,-0.827433527274,28,28,1,10,-27,Own 23,Q4,32,21,Atlanta Falcons,New England Patriots,Atlanta Falcons,New England Patriots,ATL,NE,False,2016,,(:32) (Shotgun) M.Ryan pass short right to A.Hooper to ATL 27 for 4 yards (M.Butler).,"00-0026143,00-0032392,00-0031218"
Pass,98.100997751,-0.0754792679856,28,9,2,11,8,Opp 42,Q3,59,21,Atlanta Falcons,New England Patriots,Atlanta Falcons,New England Patriots,ATL,NE,False,2016,,(:59) (Shotgun) M.Ryan pass incomplete short right to A.Hooper (P.Chung).,"00-0026143,00-0032392,00-0027010"
Pass,86.8873523441,-0.771291231356,7,0,2,9,31,Opp 19,Q2,540,21,Atlanta Falcons,New England Patriots,Atlanta Falcons,New England Patriots,ATL,NE,False,2016,,(9:00) (Shotgun) M.Ryan pass incomplete deep right to A.Hooper (P.Chung).,"00-0026143,00-0032392,00-0027010"
Pass,86.1160611128,7.47831737548,7,0,3,9,31,Opp 19,Q2,535,21,Atlanta Falcons,New England Patriots,Atlanta Falcons,New England Patriots,ATL,NE,False,2016,Touchdown,"(8:55) (Shotgun) M.Ryan pass deep left to A.Hooper for 19 yards, TOUCHDOWN. Penalty on NE-P.Chung, Defensive Pass Interference, declined.","00-0026143,00-0032392"
Pass,98.4763751949,0.580302527928,21,3,1,6,44,Opp 6,Q3,516,21,Atlanta Falcons,New England Patriots,Atlanta Falcons,New England Patriots,ATL,NE,False,2016,Touchdown,"(8:36) (Shotgun) M.Ryan pass short right to T.Coleman for 6 yards, TOUCHDOWN.","00-0026143,00-0032058"
Pass,98.025518483,-2.311976286,28,9,3,11,8,Opp 42,Q3,52,21,Atlanta Falcons,New England Patriots,Atlanta Falcons,New England Patriots,ATL,NE,False,2016,Sack,(:52) (Shotgun) M.Ryan sacked at ATL 49 for -9 yards (sack split by K.Van Noy and T.Flowers).,"00-0026143,00-0031566,00-0031360"
Pass,59.127830239800005,-7.64050320961,0,0,3,5,0,50,Q1,692,21,Atlanta Falcons,New England Patriots,Atlanta Falcons,New England Patriots,ATL,NE,False,2016,Sack,(11:32) (Shotgun) M.Ryan sacked at ATL 40 for -10 yards (T.Flowers).,"00-0026143,00-0031566"
Pass,89.6715154256,-3.7265393490300003,28,20,2,11,27,Opp 23,Q4,236,21,Atlanta Falcons,New England Patriots,Atlanta Falcons,New England Patriots,ATL,NE,False,2016,Sack,(3:56) (Shotgun) M.Ryan sacked at NE 35 for -12 yards (T.Flowers).,"00-0026143,00-0031566"
Pass,95.713542197,1.56045539777,21,3,1,10,-35,Own 15,Q3,765,21,Atlanta Falcons,New England Patriots,Atlanta Falcons,New England Patriots,ATL,NE,False,2016,First Down,(12:45) (Shotgun) M.Ryan pass short middle to T.Gabriel to ATL 32 for 17 yards (E.Rowe).,"00-0026143,00-0031555,00-0031228"
Pass,98.025518483,0.0754792679856,21,3,2,10,22,Opp 28,Q3,626,21,Atlanta Falcons,New England Patriots,Atlanta Falcons,New England Patriots,ATL,NE,False,2016,First Down,(10:26) (Shotgun) M.Ryan pass short middle to M.Sanu to NE 15 for 13 yards (E.Rowe) [T.Flowers].,"00-0026143,00-0031555,00-0029632,00-0031566"
Pass,86.1160611128,1.47394356889,7,0,1,10,12,Opp 38,Q2,611,21,Atlanta Falcons,New England Patriots,Atlanta Falcons,New England Patriots,ATL,NE,False,2016,First Down,(10:11) M.Ryan pass deep left to J.Jones pushed ob at NE 20 for 18 yards (E.Rowe) [S.McClellin].,"00-0026143,00-0031555,00-0029250,00-0027944"
Pass,82.9350735533,3.95227879078,28,20,1,10,-40,Own 10,Q4,353,21,Atlanta Falcons,New England Patriots,Atlanta Falcons,New England Patriots,ATL,NE,False,2016,First Down,(5:53) M.Ryan pass short left to D.Freeman to ATL 49 for 39 yards (E.Roberts).,"00-0026143,00-0031285,00-0032442"
Pass,95.713542197,0,21,3,2,13,-34,Own 16,Q3,851,21,Atlanta Falcons,New England Patriots,Atlanta Falcons,New England Patriots,ATL,NE,False,2016,,(14:11) (Shotgun) M.Ryan pass short middle to D.Freeman to ATL 23 for 7 yards (L.Ryan).,"00-0026143,00-0031285,00-0030411"
Pass,82.9350735533,3.18098755942,7,0,1,10,-12,Own 38,Q2,637,21,Atlanta Falcons,New England Patriots,Atlanta Falcons,New England Patriots,ATL,NE,False,2016,First Down,(10:37) M.Ryan pass deep right to T.Gabriel to NE 38 for 24 yards (D.McCourty).,"00-0026143,00-0031228,00-0027647"
Pass,82.9350735533,-4.05483362327,28,20,3,33,5,Opp 45,Q4,224,21,Atlanta Falcons,New England Patriots,Atlanta Falcons,New England Patriots,ATL,NE,False,2016,,(3:44) (Shotgun) M.Ryan pass incomplete short left to T.Gabriel.,"00-0026143,00-0031228"
Pass,98.100997751,-1.1102230246299998e-14,28,9,1,10,9,Opp 41,Q3,125,21,Atlanta Falcons,New England Patriots,Atlanta Falcons,New England Patriots,ATL,NE,False,2016,,(2:05) (Shotgun) M.Ryan pass short left to A.Hooper to NE 32 for 9 yards (D.Harmon).,"00-0026143,00-0030383,00-0032392"
Pass,97.2739975948,0.827000156219,21,3,2,5,-13,Own 37,Q3,696,21,Atlanta Falcons,New England Patriots,Atlanta Falcons,New England Patriots,ATL,NE,False,2016,First Down,(11:36) M.Ryan pass deep middle to T.Gabriel to NE 28 for 35 yards (D.Harmon).,"00-0026143,00-0030383,00-0031228"
Pass,55.4227283661,3.70510187376,28,28,1,10,-39,Own 11,Q4,52,21,Atlanta Falcons,New England Patriots,Atlanta Falcons,New England Patriots,ATL,NE,False,2016,First Down,(:52) (Shotgun) M.Ryan pass short left to M.Sanu to ATL 23 for 12 yards (L.Ryan).,"00-0026143,00-0029632,00-0030411"
Pass,60.6523094614,-1.52447922159,0,0,2,7,-2,Own 48,Q1,736,21,Atlanta Falcons,New England Patriots,Atlanta Falcons,New England Patriots,ATL,NE,False,2016,,(12:16) M.Ryan pass short right to P.DiMarco to 50 for 2 yards (P.Chung).,"00-0026143,00-0028581,00-0027010"
Pass,58.3003967125,2.87251626535,0,0,1,10,-21,Own 29,Q2,848,21,Atlanta Falcons,New England Patriots,Atlanta Falcons,New England Patriots,ATL,NE,False,2016,First Down,(14:08) (Shotgun) M.Ryan pass short middle to J.Jones to ATL 48 for 19 yards (L.Ryan).,"00-0026143,00-0027944,00-0030411"
Pass,61.1729129779,5.12226930426,0,0,1,10,-2,Own 48,Q2,809,21,Atlanta Falcons,New England Patriots,Atlanta Falcons,New England Patriots,ATL,NE,False,2016,First Down,(13:29) M.Ryan pass deep left to J.Jones ran ob at NE 29 for 23 yards.,"00-0026143,00-0027944"
Pass,86.8873523441,4.0176571460399995,28,20,2,8,1,Opp 49,Q4,287,21,Atlanta Falcons,New England Patriots,Atlanta Falcons,New England Patriots,ATL,NE,False,2016,First Down,(4:47) (Shotgun) M.Ryan pass deep right to J.Jones to NE 22 for 27 yards.,"00-0026143,00-0027944"
Pass,95.713542197,-0.042543333124499996,21,3,3,6,-27,Own 23,Q3,804,21,Atlanta Falcons,New England Patriots,Atlanta Falcons,New England Patriots,ATL,NE,False,2016,,(13:24) (Shotgun) M.Ryan pass incomplete short left to T.Gabriel (E.Rowe) [C.Long].,"00-0026143,00-0026142,00-0031555,00-0031228"
Pass,95.6709988639,-3.82017532389,28,12,3,1,-14,Own 36,Q4,511,21,Atlanta Falcons,New England Patriots,Atlanta Falcons,New England Patriots,ATL,NE,False,2016,Fumble,"(8:31) (Shotgun) M.Ryan sacked at ATL 25 for -11 yards (D.Hightower). FUMBLES (D.Hightower) [D.Hightower], RECOVERED by NE-A.Branch at ATL 25. A.Branch to ATL 25 for no gain (C.Chester).","00-0026143,00-0025420,00-0029669,00-0024271"
Pass,57.1844351949,-5.09157030891,0,0,3,3,-12,Own 38,Q1,147,21,Atlanta Falcons,New England Patriots,Atlanta Falcons,New England Patriots,ATL,NE,False,2016,Sack,(2:27) (Shotgun) M.Ryan sacked at ATL 36 for -2 yards (sack split by J.Sheard and A.Branch).,"00-0026143,00-0025420,00-0027975"
Pass,58.3003967125,-2.64865164621,28,28,2,6,-23,Own 27,Q4,19,21,Atlanta Falcons,New England Patriots,Atlanta Falcons,New England Patriots,ATL,NE,False,2016,,(:19) M.Ryan spiked the ball to stop the clock.,00-0026143
Pass,0.574712643678,1.4172155733,3,28,4,3,-4,Own 46,Q3,364,21,Atlanta Falcons,New England Patriots,New England Patriots,Atlanta Falcons,NE,ATL,True,2016,First Down,(6:04) (Shotgun) T.Brady pass short left to D.Amendola pushed ob at ATL 37 for 17 yards (D.Campbell).,"00-0026035,00-0032401,00-0019596"
Pass,10.0199100093,-7.574958362219999,0,14,3,6,27,Opp 23,Q2,156,21,Atlanta Falcons,New England Patriots,New England Patriots,Atlanta Falcons,NE,ATL,True,2016,Interception,"(2:36) (Shotgun) T.Brady pass short left intended for D.Amendola INTERCEPTED by R.Alford at ATL 18. R.Alford for 82 yards, TOUCHDOWN.","00-0026035,00-0030528,00-0019596"
Pass,42.9397772623,4.96263354252,0,0,2,8,-38,Own 12,Q1,596,21,Atlanta Falcons,New England Patriots,New England Patriots,Atlanta Falcons,NE,ATL,True,2016,First Down,(9:56) (Shotgun) T.Brady pass short left to D.Amendola to NE 25 for 13 yards (B.Poole).,"00-0026035,00-0019596,00-0032596"
Pass,26.317054677399998,4.92125650628,20,28,1,10,9,Opp 41,Q4,123,21,Atlanta Falcons,New England Patriots,New England Patriots,Atlanta Falcons,NE,ATL,True,2016,First Down,(2:03) (Shotgun) T.Brady pass deep right to D.Amendola to ATL 21 for 20 yards (B.Poole).,"00-0026035,00-0019596,00-0032596"
Pass,1.99192821697,-3.46944695195e-16,3,28,1,10,13,Opp 37,Q3,335,21,Atlanta Falcons,New England Patriots,New England Patriots,Atlanta Falcons,NE,ATL,True,2016,,(5:35) (Shotgun) T.Brady pass short left to D.Amendola to ATL 35 for 2 yards (J.Collins).,"00-0026035,00-0019596,00-0031552"
Pass,48.423920802800005,4.51973578893,28,28,2,4,-19,Own 31,OT,866,21,Atlanta Falcons,New England Patriots,New England Patriots,Atlanta Falcons,NE,ATL,True,2016,First Down,(14:26) (Shotgun) T.Brady pass short right to D.Amendola ran ob at NE 45 for 14 yards.,"00-0026035,00-0019596"
Pass,9.72592864731,7.393919993710001,12,28,2,2,44,Opp 6,Q4,360,21,Atlanta Falcons,New England Patriots,New England Patriots,Atlanta Falcons,NE,ATL,True,2016,Touchdown,"(6:00) (Shotgun) T.Brady pass short left to D.Amendola for 6 yards, TOUCHDOWN.","00-0026035,00-0019596"
Rush,87.59000468159999,-0.70265233753,7,0,1,10,30,Opp 20,Q2,585,21,Atlanta Falcons,New England Patriots,Atlanta Falcons,New England Patriots,ATL,NE,False,2016,,(9:45) T.Coleman right tackle to NE 19 for 1 yard (A.Branch).,"00-0025420,00-0032058"
Rush,59.127830239800005,-1.9433950449500002,0,0,1,10,-19,Own 31,Q1,225,21,Atlanta Falcons,New England Patriots,Atlanta Falcons,New England Patriots,ATL,NE,False,2016,,(3:45) D.Freeman right tackle to ATL 33 for 2 yards (A.Branch; R.Ninkovich).,"00-0025420,00-0024349,00-0031285"
Kickoff,15.354019552299999,1.7109068944,20,28,0,0,-15,Own 35,Q4,356,21,Atlanta Falcons,New England Patriots,New England Patriots,Atlanta Falcons,NE,ATL,True,2016,,S.Gostkowski kicks 62 yards from NE 35 to ATL 3. J.Hardy pushed ob at ATL 10 for 7 yards (J.Jones).,"00-0024333,00-0032580,00-0031570"
Kickoff,4.5162857188,-0.187284582704,12,28,0,0,-15,Own 35,Q4,584,21,Atlanta Falcons,New England Patriots,New England Patriots,Atlanta Falcons,NE,ATL,True,2016,,S.Gostkowski kicks 48 yards from NE 35 to ATL 17. J.Hardy pushed ob at ATL 27 for 10 yards (B.Mingo).,"00-0024333,00-0031570,00-0030558"
Kickoff,3.6690085560499996,0.617449246922,3,21,0,0,-15,Own 35,Q3,900,21,Atlanta Falcons,New England Patriots,New England Patriots,Atlanta Falcons,NE,ATL,True,2016,,S.Gostkowski kicks 60 yards from NE 35 to ATL 5. E.Weems to ATL 19 for 14 yards (N.Ebner).,"00-0024333,00-0029570,00-0024535"
Kickoff,42.9397772623,1.6374943716500001,28,28,0,0,-10,Own 40,Q4,57,21,Atlanta Falcons,New England Patriots,New England Patriots,Atlanta Falcons,NE,ATL,True,2016,,S.Gostkowski kicks 60 yards from NE 40 to ATL 0. E.Weems to ATL 11 for 11 yards (B.Bolden).,"00-0024333,00-0029239,00-0024535"
Kickoff,3.6690085560499996,0,3,21,0,0,-15,Own 35,Q2,2,21,Atlanta Falcons,New England Patriots,New England Patriots,Atlanta Falcons,NE,ATL,True,2016,,S.Gostkowski kicks 38 yards from NE 35 to ATL 27. P.DiMarco (didn't try to advance) to ATL 27 for no gain.,"00-0024333,00-0028581"
Kickoff,3.1687296660600004,-1.2697274170700001,9,28,0,0,-15,Own 35,Q3,126,21,Atlanta Falcons,New England Patriots,New England Patriots,Atlanta Falcons,NE,ATL,True,2016,,"S.Gostkowski kicks onside 11 yards from NE 35 to NE 46. L.Reynolds (didn't try to advance) to NE 46 for no gain (P.Chung). PENALTY on NE-S.Gostkowski, Illegal Touch Kick, 5 yards, enforced at NE 46.","00-0024333,00-0027010"
Field Goal,3.6690085560499996,0,0,21,3,18,27,Opp 23,Q2,5,21,Atlanta Falcons,New England Patriots,New England Patriots,Atlanta Falcons,NE,ATL,True,2016,,"(:05) S.Gostkowski 41 yard field goal is GOOD, Center-J.Cardona, Holder-R.Allen.",00-0024333
Field Goal,4.33249025533,0.18379546346700001,9,28,4,15,35,Opp 15,Q4,588,21,Atlanta Falcons,New England Patriots,New England Patriots,Atlanta Falcons,NE,ATL,True,2016,,"(9:48) S.Gostkowski 33 yard field goal is GOOD, Center-J.Cardona, Holder-R.Allen.",00-0024333
Extra Point,4.296575298860001,-1.1278456328,9,28,0,0,35,Opp 15,Q3,126,21,Atlanta Falcons,New England Patriots,New England Patriots,Atlanta Falcons,NE,ATL,True,2016,,"S.Gostkowski extra point is No Good, Hit Right Upright, Center-J.Cardona, Holder-R.Allen.",00-0024333
Extra Point,99.0566777228,0,27,3,0,0,35,Opp 15,Q3,511,21,Atlanta Falcons,New England Patriots,Atlanta Falcons,New England Patriots,ATL,NE,False,2016,,"M.Bryant extra point is GOOD, Center-J.Harris, Holder-M.Bosher.",00-0020578
Extra Point,78.8802399301,-4.38578141252,6,0,0,0,35,Opp 15,Q2,735,21,Atlanta Falcons,New England Patriots,Atlanta Falcons,New England Patriots,ATL,NE,False,2016,,"M.Bryant extra point is GOOD, Center-J.Harris, Holder-M.Bosher.",00-0020578
Extra Point,93.59437848820001,-0.6504532545930001,13,0,0,0,40,Opp 10,Q2,528,21,Atlanta Falcons,New England Patriots,Atlanta Falcons,New England Patriots,ATL,NE,False,2016,,"M.Bryant extra point is GOOD, Center-J.Harris, Holder-M.Bosher.",00-0020578
Pass,48.1836130394,0.240307763426,0,0,2,8,-8,Own 42,Q1,476,21,Atlanta Falcons,New England Patriots,New England Patriots,Atlanta Falcons,NE,ATL,True,2016,,(7:56) (Shotgun) T.Brady pass short right to M.Mitchell to NE 49 for 7 yards (D.Jones).,"00-0019596,00-0032400,00-0032388"
Pass,4.296575298860001,0.0359149564768,0,21,3,2,29,Opp 21,Q2,30,21,Atlanta Falcons,New England Patriots,New England Patriots,Atlanta Falcons,NE,ATL,True,2016,First Down,(:30) (Shotgun) T.Brady pass short middle to J.White to ATL 15 for 6 yards (D.Jones).,"00-0019596,00-0032388,00-0031062"
Pass,48.1836130394,0.240307763426,28,28,1,10,-25,Own 25,OT,900,21,Atlanta Falcons,New England Patriots,New England Patriots,Atlanta Falcons,NE,ATL,True,2016,,(15:00) (Shotgun) T.Brady pass short left to J.White pushed ob at NE 31 for 6 yards (D.Jones).,"00-0019596,00-0032388,00-0031062"
Pass,55.587550511799996,-2.64389392004,28,28,1,10,13,Opp 37,OT,792,21,Atlanta Falcons,New England Patriots,New England Patriots,Atlanta Falcons,NE,ATL,True,2016,,(13:12) (Shotgun) T.Brady pass short left to J.White to ATL 40 for -3 yards (D.Jones).,"00-0019596,00-0032388,00-0031062"
Pass,33.5044949153,0.681928042965,20,28,1,8,42,Opp 8,Q4,85,21,Atlanta Falcons,New England Patriots,New England Patriots,Atlanta Falcons,NE,ATL,True,2016,,(1:25) (Shotgun) T.Brady pass short right to J.White to ATL 1 for 7 yards (D.Jones).,"00-0019596,00-0032388,00-0031062"
Pass,0.8415513688549999,0,3,28,1,10,-25,Own 25,Q3,511,21,Atlanta Falcons,New England Patriots,New England Patriots,Atlanta Falcons,NE,ATL,True,2016,,(8:31) (Shotgun) T.Brady pass short middle to D.Lewis to NE 27 for 2 yards (K.Neal).,"00-0019596,00-0032382,00-0028087"
Pass,2.82302664656,1.4735486523,3,28,2,5,45,Opp 5,Q3,132,21,Atlanta Falcons,New England Patriots,New England Patriots,Atlanta Falcons,NE,ATL,True,2016,Touchdown,"(2:12) (Shotgun) T.Brady pass short left to J.White for 5 yards, TOUCHDOWN.","00-0019596,00-0031062"
Pass,4.33249025533,-0.0359149564768,0,21,1,10,35,Opp 15,Q2,23,21,Atlanta Falcons,New England Patriots,New England Patriots,Atlanta Falcons,NE,ATL,True,2016,,(:23) (Shotgun) T.Brady pass incomplete short left to J.Edelman (R.Alford).,"00-0019596,00-0030528,00-0027150"
Pass,21.3433196344,-1.7565920202199998,20,28,1,10,-25,Own 25,Q4,158,21,Atlanta Falcons,New England Patriots,New England Patriots,Atlanta Falcons,NE,ATL,True,2016,,(2:38) (Shotgun) T.Brady pass incomplete short middle to J.Edelman (R.Alford).,"00-0019596,00-0030528,00-0027150"
Pass,9.49213043719,-1.72298683597,0,14,2,9,5,Opp 45,Q2,320,21,Atlanta Falcons,New England Patriots,New England Patriots,Atlanta Falcons,NE,ATL,True,2016,,(5:20) (Shotgun) T.Brady pass incomplete short right to D.Lewis.,"00-0019596,00-0028087"
Pass,1.99192821697,-0.491946896691,3,28,2,8,15,Opp 35,Q3,294,21,Atlanta Falcons,New England Patriots,New England Patriots,Atlanta Falcons,NE,ATL,True,2016,,(4:54) (Shotgun) T.Brady pass incomplete short left to J.Edelman.,"00-0019596,00-0027150"
Pass,47.9024108048,-3.5550231472400005,0,0,1,10,-25,Own 25,Q1,900,21,Atlanta Falcons,New England Patriots,New England Patriots,Atlanta Falcons,NE,ATL,True,2016,,(15:00) (Shotgun) T.Brady pass incomplete short middle to J.Edelman.,"00-0019596,00-0027150"
Pass,3.6690085560499996,0,0,21,1,10,-7,Own 43,Q2,103,21,Atlanta Falcons,New England Patriots,New England Patriots,Atlanta Falcons,NE,ATL,True,2016,,(1:43) (Shotgun) T.Brady pass incomplete deep right to J.Edelman.,"00-0019596,00-0027150"
Pass,7.76914360122,0,0,14,1,10,-13,Own 37,Q2,492,21,Atlanta Falcons,New England Patriots,New England Patriots,Atlanta Falcons,NE,ATL,True,2016,,(8:12) (Shotgun) T.Brady pass incomplete short middle to J.Edelman.,"00-0019596,00-0027150"
Pass,4.33249025533,-0.0359149564768,9,28,1,10,-9,Own 41,Q4,801,21,Atlanta Falcons,New England Patriots,New England Patriots,Atlanta Falcons,NE,ATL,True,2016,,(13:21) (Shotgun) T.Brady pass incomplete deep left to J.Edelman.,"00-0019596,00-0027150"
Pass,4.33249025533,-0.0359149564768,3,21,3,12,-5,Own 45,Q3,777,21,Atlanta Falcons,New England Patriots,New England Patriots,Atlanta Falcons,NE,ATL,True,2016,,(12:57) (Shotgun) T.Brady pass incomplete short middle to J.Edelman.,"00-0019596,00-0027150"
Pass,44.3473876576,2.89576980431,0,0,2,10,-25,Own 25,Q1,895,21,Atlanta Falcons,New England Patriots,New England Patriots,Atlanta Falcons,NE,ATL,True,2016,,(14:55) (Shotgun) T.Brady pass short right to J.Edelman to NE 34 for 9 yards (P.Wheeler).,"00-0019596,00-0026233,00-0027150"
Pass,4.5162857188,-0.18379546346700001,3,21,2,10,-3,Own 47,Q3,782,21,Atlanta Falcons,New England Patriots,New England Patriots,Atlanta Falcons,NE,ATL,True,2016,,"(13:02) (Shotgun) T.Brady pass short right to D.Amendola to NE 45 for -2 yards (B.Poole). Penalty on NE-C.Hogan, Offensive Pass Interference, declined.","00-0019596,00-0026035,00-0032596"
Pass,44.3473876576,-1.40761039528,26,28,0,0,48,Opp 2,Q4,57,21,Atlanta Falcons,New England Patriots,New England Patriots,Atlanta Falcons,NE,ATL,True,2016,,"TWO-POINT CONVERSION ATTEMPT. T.Brady pass to D.Amendola is complete. ATTEMPT SUCCEEDS. PENALTY on ATL-D.Freeney, Defensive Offside, 5 yards, enforced between downs.","00-0019596,00-0026035,00-0021146"
Pass,7.76914360122,-0.778013815978,0,14,2,10,-13,Own 37,Q2,487,21,Atlanta Falcons,New England Patriots,New England Patriots,Atlanta Falcons,NE,ATL,True,2016,,(8:07) (Shotgun) T.Brady pass incomplete deep middle to D.Amendola.,"00-0019596,00-0026035"
Pass,5.12138573609,-0.32903427512399996,9,28,2,1,18,Opp 32,Q4,744,21,Atlanta Falcons,New England Patriots,New England Patriots,Atlanta Falcons,NE,ATL,True,2016,,(12:24) (Shotgun) T.Brady pass incomplete short middle to D.Amendola.,"00-0019596,00-0026035"
Pass,8.14917645998,-1.60642898388,12,28,1,10,25,Opp 25,Q4,504,21,Atlanta Falcons,New England Patriots,New England Patriots,Atlanta Falcons,NE,ATL,True,2016,Sack,(8:24) T.Brady sacked at ATL 30 for -5 yards (D.Freeney).,"00-0019596,00-0021146"