fired,win_p,base_win_p,year1,year2,div_pct,year3,SoS,rings_per_yr,gm_change,years,year,TeamID,Tm
0,0.4375,0.555555556,1,0,0,0,2,0,0,1,1983,1,Atlanta Falcons
0,0.25,0.555555556,0,1,0,0,-0.3,0,0,2,1984,1,Atlanta Falcons
0,0.25,0.555555556,0,0,0,1,1.7,0,0,3,1985,1,Atlanta Falcons
1,0.46875,0.555555556,0,0,0,0,-0.5,0,1,4,1986,1,Atlanta Falcons
0,0.2,0.46875,1,0,0,0,1.6,0,0,1,1987,1,Atlanta Falcons
0,0.3125,0.46875,0,1,0,0,-0.1,0,0,2,1988,1,Atlanta Falcons
0,0.3125,0.1875,1,0,0,0,-1.1,0,0,1,1990,1,Atlanta Falcons
0,0.625,0.1875,0,1,0.5,0,2,0,0,2,1991,1,Atlanta Falcons
0,0.375,0.1875,0,0,0.333333333,1,1.4,0,0,3,1992,1,Atlanta Falcons*
1,0.375,0.1875,0,0,0.25,0,-0.1,0,0,4,1993,1,Atlanta Falcons
0,0.4375,0.375,1,0,0,0,0,0,0,1,1994,1,Atlanta Falcons
0,0.5625,0.375,0,1,0,0,-0.7,0,0,2,1995,1,Atlanta Falcons
1,0.1875,0.375,0,0,0,1,0.4,0,0,3,1996,1,Atlanta Falcons*
0,0.4375,0.1875,1,0,0,0,-1.6,0,0,1,1997,1,Atlanta Falcons
0,0.875,0.1875,0,1,0.5,0,0.4,0,0,2,1998,1,Atlanta Falcons
0,0.3125,0.1875,0,0,0.333333333,1,-1.1,0,0,3,1999,1,Atlanta Falcons*
0,0.25,0.1875,0,0,0.25,0,1.5,0,0,4,2000,1,Atlanta Falcons
0,0.4375,0.1875,0,0,0.2,0,0.7,0,0,5,2001,1,Atlanta Falcons
0,0.59375,0.1875,0,0,0.333333333,0,-0.4,0,0,6,2002,1,Atlanta Falcons
0,0.6875,0.3125,1,0,1,0,-2.4,0,0,1,2004,1,Atlanta Falcons*
0,0.5,0.3125,0,1,0.5,0,-1.9,0,0,2,2005,1,Atlanta Falcons
1,0.4375,0.3125,0,0,0.333333333,1,-0.8,0,0,3,2006,1,Atlanta Falcons*
0,0.6875,0.25,1,0,0,0,-0.3,0,0,1,2008,1,Atlanta Falcons
0,0.5625,0.25,0,1,0,0,2.7,0,0,2,2009,1,Atlanta Falcons
0,0.8125,0.25,0,0,0.333333333,1,-1.8,0,0,3,2010,1,Atlanta Falcons
0,0.625,0.25,0,0,0.25,0,0.3,0,0,4,2011,1,Atlanta Falcons*
0,0.8125,0.25,0,0,0.4,0,-1.1,0,0,5,2012,1,Atlanta Falcons
0,0.25,0.25,0,0,0.333333333,0,2.9,0,0,6,2013,1,Atlanta Falcons*
1,0.375,0.25,0,0,0.285714286,0,-1.6,0,0,7,2014,1,Atlanta Falcons*
0,0.9375,0.125,0,0,0.6,0,-3.9,0,1,5,2015,1,Atlanta Falcons*
0,0.5,0.444444444,1,0,0,0,0.5,0,0,1,1983,2,Buffalo Bills
0,0.125,0.444444444,0,1,0,0,0.7,0,1,2,1984,2,Buffalo Bills
0,0.466666667,0.25,1,0,0,0,2.1,0,0,1,1987,2,Buffalo Bills
0,0.75,0.25,0,1,0.5,0,0.6,0,0,2,1988,2,Buffalo Bills
0,0.5625,0.25,0,0,0.666666667,1,-1.4,0,0,3,1989,2,Buffalo Bills
0,0.8125,0.25,0,0,0.75,0,-1.7,0,0,4,1990,2,Buffalo Bills*
0,0.8125,0.25,0,0,0.8,0,-5.2,0,0,5,1991,2,Buffalo Bills*
0,0.6875,0.25,0,0,0.833333333,0,-1.9,0,0,6,1992,2,Buffalo Bills*
0,0.75,0.25,0,0,0.857142857,0,-0.6,0,1,7,1993,2,Buffalo Bills*
0,0.4375,0.25,0,0,0.75,0,0.8,0,1,8,1994,2,Buffalo Bills*
0,0.625,0.25,0,0,0.777777778,0,-1.8,0,1,9,1995,2,Buffalo Bills*
0,0.625,0.25,0,0,0.7,0,-0.4,0,1,10,1996,2,Buffalo Bills
1,0.375,0.25,0,0,0.636363636,0,2.5,0,1,11,1997,2,Buffalo Bills*
0,0.625,0.375,1,0,0,0,1,0,0,1,1998,2,Buffalo Bills*
0,0.6875,0.375,0,1,0,0,1.5,0,0,2,1999,2,Buffalo Bills
1,0.5,0.375,0,0,0,1,2.2,0,0,3,2000,2,Buffalo Bills*
0,0.1875,0.5,1,0,0,0,0.2,0,0,1,2001,2,Buffalo Bills*
0,0.5,0.5,0,1,0,0,0.9,0,0,2,2002,2,Buffalo Bills
1,0.375,0.5,0,0,0,1,1.3,0,0,3,2003,2,Buffalo Bills
0,0.5625,0.375,1,0,0,0,1.1,0,0,1,2004,2,Buffalo Bills
1,0.3125,0.375,0,1,0,0,0.2,0,0,2,2005,2,Buffalo Bills
0,0.4375,0.3125,1,0,0,0,2.9,0,0,1,2006,2,Buffalo Bills
0,0.4375,0.3125,0,1,0,0,2.3,0,0,2,2007,2,Buffalo Bills
0,0.4375,0.3125,0,0,0,1,-3,0,1,3,2008,2,Buffalo Bills
0,0.25,0.375,1,0,0,0,4.3,0,0,1,2010,2,Buffalo Bills
0,0.375,0.375,0,1,0,0,0.5,0,1,2,2011,2,Buffalo Bills
1,0.375,0.375,0,0,0,1,-1,0,1,3,2012,2,Buffalo Bills
0,0.375,0.375,1,0,0,0,-0.1,0,0,1,2013,2,Buffalo Bills
1,0.5625,0.375,0,1,0,0,1.6,0,0,2,2014,2,Buffalo Bills
0,0.75,0.5,0,0,0.75,0,-2.4,0.25,0,16,2015,2,Buffalo Bills
NA,0.4375,0.4375,1,0,0,0,-1.5,0,0,1,1995,3,Carolina Panthers
0,0.75,0.4375,1,0,1,0,-2.3,0,0,1,1996,3,Carolina Panthers*
0,0.4375,0.4375,0,1,0.5,0,-0.5,0,0,2,1997,3,Carolina Panthers
1,0.25,0.4375,0,0,0.333333333,1,3.5,0,1,3,1998,3,Carolina Panthers
0,0.5,0.25,1,0,0,0,-3.6,0,0,1,1999,3,Carolina Panthers
0,0.4375,0.25,0,1,0,0,-1.1,0,0,2,2000,3,Carolina Panthers
1,0.0625,0.25,0,0,0,1,0.9,0,0,3,2001,3,Carolina Panthers
0,0.4375,0.0625,1,0,0,0,-0.5,0,0,1,2002,3,Carolina Panthers
0,0.6875,0.0625,0,1,0.5,0,-2.2,0,0,2,2003,3,Carolina Panthers*
0,0.4375,0.0625,0,0,0.333333333,1,-1.7,0,0,3,2004,3,Carolina Panthers
0,0.6875,0.0625,0,0,0.5,0,-3.2,0,0,4,2005,3,Carolina Panthers*
0,0.5,0.0625,0,0,0.4,0,-0.5,0,0,5,2006,3,Carolina Panthers
0,0.4375,0.0625,0,0,0.333333333,0,-0.8,0,0,6,2007,3,Carolina Panthers
0,0.75,0.0625,0,0,0.428571429,0,0.3,0,0,7,2008,3,Carolina Panthers*
0,0.5,0.0625,0,0,0.375,0,3.5,0,0,8,2009,3,Carolina Panthers
1,0.125,0.0625,0,0,0.333333333,0,0.1,0,0,9,2010,3,Carolina Panthers
0,0.375,0.125,1,0,0,0,0.1,0,0,1,2011,3,Carolina Panthers
0,0.4375,0.125,0,1,0,0,1.2,0,0,2,2012,3,Carolina Panthers
0,0.75,0.125,0,0,0.333333333,1,1.4,0,1,3,2013,3,Carolina Panthers*
0,0.46875,0.125,0,0,0.5,0,-0.9,0,1,4,2014,3,Carolina Panthers*
0,0.8125,0.3125,0,0,0.333333333,1,1.3,0,0,3,2015,3,Carolina Panthers*
0,0.5,0.375,0,1,0,0,-1.7,0,1,2,1983,4,Chicago Bears
0,0.625,0.375,0,0,0.333333333,1,-0.1,0,1,3,1984,4,Chicago Bears*
0,0.9375,0.375,0,0,0.5,0,-0.2,0.25,1,4,1985,4,Chicago Bears*
0,0.875,0.375,0,0,0.6,0,-2.7,0.2,1,5,1986,4,Chicago Bears*
0,0.733333333,0.375,0,0,0.666666667,0,-1.1,0.166666667,1,6,1987,4,Chicago Bears*
0,0.75,0.375,0,0,0.714285714,0,0.5,0.142857143,1,7,1988,4,Chicago Bears*
0,0.375,0.375,0,0,0.625,0,1.2,0.125,1,8,1989,4,Chicago Bears
0,0.6875,0.375,0,0,0.666666667,0,-0.8,0.111111111,1,9,1990,4,Chicago Bears*
0,0.6875,0.375,0,0,0.6,0,-1,0.1,1,10,1991,4,Chicago Bears*
1,0.3125,0.375,0,0,0.545454545,0,0.6,0.090909091,1,11,1992,4,Chicago Bears
0,0.4375,0.3125,1,0,0,0,-0.5,0,0,1,1993,4,Chicago Bears
0,0.5625,0.3125,0,1,0.5,0,0.3,0,0,2,1994,4,Chicago Bears*
0,0.5625,0.3125,0,0,0.333333333,1,0.3,0,0,3,1995,4,Chicago Bears
0,0.4375,0.3125,0,0,0.25,0,1.1,0,0,4,1996,4,Chicago Bears
0,0.25,0.3125,0,0,0.2,0,1.4,0,1,5,1997,4,Chicago Bears
1,0.25,0.3125,0,0,0.166666667,0,2,0,1,6,1998,4,Chicago Bears
0,0.375,0.25,1,0,0,0,2.3,0,0,1,1999,4,Chicago Bears
0,0.3125,0.25,0,1,0,0,2.4,0,0,2,2000,4,Chicago Bears
0,0.8125,0.25,0,0,0.333333333,1,-0.5,0,1,3,2001,4,Chicago Bears*
0,0.25,0.25,0,0,0.25,0,0.9,0,1,4,2002,4,Chicago Bears
1,0.4375,0.25,0,0,0.2,0,0.4,0,1,5,2003,4,Chicago Bears
0,0.3125,0.4375,1,0,0,0,-2,0,0,1,2004,4,Chicago Bears
0,0.6875,0.4375,0,1,0.5,0,-2.2,0,0,2,2005,4,Chicago Bears*
0,0.8125,0.4375,0,0,0.666666667,1,-2.9,0,0,3,2006,4,Chicago Bears*
0,0.4375,0.4375,0,0,0.5,0,2.1,0,0,4,2007,4,Chicago Bears
0,0.5625,0.4375,0,0,0.4,0,0.5,0,0,5,2008,4,Chicago Bears
0,0.4375,0.4375,0,0,0.333333333,0,-0.9,0,0,6,2009,4,Chicago Bears
0,0.6875,0.4375,0,0,0.428571429,0,1.1,0,0,7,2010,4,Chicago Bears*
0,0.5,0.4375,0,0,0.375,0,0.9,0,0,8,2011,4,Chicago Bears
1,0.625,0.4375,0,0,0.333333333,0,0.8,0,1,9,2012,4,Chicago Bears
0,0.5,0.625,1,0,0,0,-2.1,0,0,1,2013,4,Chicago Bears
1,0.3125,0.625,0,1,0,0,1,0,0,2,2014,4,Chicago Bears
0,0.75,0.75,1,0,1,0,2.1,1,0,1,2015,4,Chicago Bears
1,0.4375,0.25,0,0,0.25,0,-2.3,0,0,4,1983,5,Cincinnati Bengals
0,0.5,0.4375,1,0,0,0,-1.2,0,0,1,1984,5,Cincinnati Bengals
0,0.4375,0.4375,0,1,0,0,-0.9,0,0,2,1985,5,Cincinnati Bengals
0,0.625,0.4375,0,0,0,1,0.5,0,0,3,1986,5,Cincinnati Bengals
0,0.266666667,0.4375,0,0,0,0,2,0,0,4,1987,5,Cincinnati Bengals
0,0.75,0.4375,0,0,0.2,0,-1.3,0,0,5,1988,5,Cincinnati Bengals*
0,0.5,0.4375,0,0,0.166666667,0,-0.5,0,0,6,1989,5,Cincinnati Bengals
0,0.5625,0.4375,0,0,0.285714286,0,-1.6,0,0,7,1990,5,Cincinnati Bengals*
1,0.1875,0.4375,0,0,0.25,0,2.1,0,1,8,1991,5,Cincinnati Bengals
0,0.3125,0.1875,1,0,0,0,-1,0,0,1,1992,5,Cincinnati Bengals
0,0.1875,0.1875,0,1,0,0,-0.2,0,0,2,1993,5,Cincinnati Bengals
0,0.1875,0.1875,0,0,0,1,1.2,0,0,3,1994,5,Cincinnati Bengals
0,0.4375,0.1875,0,0,0,0,-0.2,0,0,4,1995,5,Cincinnati Bengals
0,0.4375,0.5,1,0,0,0,1,0,0,1,1997,5,Cincinnati Bengals
0,0.1875,0.5,0,1,0,0,0.5,0,0,2,1998,5,Cincinnati Bengals
0,0.25,0.5,0,0,0,1,-0.5,0,0,3,1999,5,Cincinnati Bengals
0,0.375,0.25,1,0,0,0,1.7,0,0,1,2001,5,Cincinnati Bengals
1,0.125,0.25,0,1,0,0,0.6,0,0,2,2002,5,Cincinnati Bengals
0,0.5,0.125,1,0,0,0,0,0,0,1,2003,5,Cincinnati Bengals
0,0.5,0.125,0,1,0,0,2.5,0,0,2,2004,5,Cincinnati Bengals
0,0.6875,0.125,0,0,0,1,-0.6,0,0,3,2005,5,Cincinnati Bengals
0,0.5,0.125,0,0,0,0,1.5,0,0,4,2006,5,Cincinnati Bengals
0,0.4375,0.125,0,0,0,0,-2.1,0,0,5,2007,5,Cincinnati Bengals*
0,0.28125,0.125,0,0,0,0,3,0,0,6,2008,5,Cincinnati Bengals
0,0.625,0.125,0,0,0,0,-0.2,0,0,7,2009,5,Cincinnati Bengals
0,0.25,0.125,0,0,0,0,3.1,0,0,8,2010,5,Cincinnati Bengals
0,0.5625,0.125,0,0,0,0,-0.9,0,0,9,2011,5,Cincinnati Bengals*
0,0.625,0.125,0,0,0,0,-2.4,0,0,10,2012,5,Cincinnati Bengals
0,0.6875,0.125,0,0,0,0,-2.5,0,0,11,2013,5,Cincinnati Bengals*
0,0.65625,0.125,0,0,0,0,-0.6,0,0,12,2014,5,Cincinnati Bengals*
0,0.625,0.3125,0,0,0.833333333,0,2.2,0.166666667,1,6,2015,5,Cincinnati Bengals*
0,0.5625,0.428571429,0,0,0.166666667,0,-3.1,0,0,6,1983,6,Cleveland Browns
0,0.5,0.3125,1,0,1,0,-0.8,0,0,1,1985,6,Cleveland Browns
0,0.75,0.3125,0,1,1,0,-1.4,0,0,2,1986,6,Cleveland Browns*
0,0.666666667,0.3125,0,0,1,1,0.7,0,0,3,1987,6,Cleveland Browns*
0,0.625,0.3125,0,0,0.75,0,-0.5,0,0,4,1988,6,Cleveland Browns*
0,0.59375,0.625,1,0,1,0,-0.6,0,0,1,1989,6,Cleveland Browns*
0,0.375,0.1875,1,0,0,0,0,0,0,1,1991,6,Cleveland Browns*
0,0.4375,0.1875,0,1,0,0,-0.8,0,1,2,1992,6,Cleveland Browns
0,0.4375,0.1875,0,0,0,1,-1,0,1,3,1993,6,Cleveland Browns
0,0.6875,0.1875,0,0,0.25,0,-1.2,0,1,4,1994,6,Cleveland Browns
1,0.3125,0.1875,0,0,0.2,0,0.4,0,1,5,1995,6,Cleveland Browns
NA,0.125,0.125,1,0,0,0,-0.3,0,0,1,1999,6,Cleveland Browns*
1,0.1875,0.125,1,0,0,0,1.5,0,0,1,2000,6,Cleveland Browns
0,0.4375,0.1875,1,0,0,0,1.3,0,0,1,2001,6,Cleveland Browns
0,0.5625,0.1875,0,1,0,0,-0.3,0,1,2,2002,6,Cleveland Browns
0,0.3125,0.1875,0,0,0,1,1.3,0,1,3,2003,6,Cleveland Browns
0,0.375,0.25,1,0,0,0,0.1,0,0,1,2005,6,Cleveland Browns*
0,0.25,0.25,0,1,0,0,1.5,0,0,2,2006,6,Cleveland Browns
0,0.625,0.25,0,0,0,1,-2.3,0,0,3,2007,6,Cleveland Browns
1,0.25,0.25,0,0,0,0,2.7,0,0,4,2008,6,Cleveland Browns
0,0.3125,0.25,1,0,0,0,-0.3,0,0,1,2009,6,Cleveland Browns
1,0.3125,0.25,0,1,0,0,2.3,0,1,2,2010,6,Cleveland Browns
0,0.25,0.3125,1,0,0,0,0.2,0,0,1,2011,6,Cleveland Browns
1,0.3125,0.3125,0,1,0,0,-1.2,0,0,2,2012,6,Cleveland Browns
1,0.25,0.3125,1,0,0,0,-1.6,0,0,1,2013,6,Cleveland Browns
0,0.4375,0.25,1,0,0,0,-1.5,0,0,1,2014,6,Cleveland Browns
0,0.625,0.25,0,0,0.6,0,2.5,0.1,0,10,2015,6,Cleveland Browns
0,0.4375,0.125,0,1,0,0,-1.2,0,0,2,1983,7,Baltimore Colts
0,0.3125,0.25,1,0,0,0,1.5,0,0,1,1985,7,Indianapolis Colts
0,0.6,0.1875,1,0,1,0,0.1,0,0,1,1987,7,Indianapolis Colts
0,0.5625,0.1875,0,1,0.5,0,0.8,0,0,2,1988,7,Indianapolis Colts
0,0.5,0.1875,0,0,0.333333333,1,-0.3,0,0,3,1989,7,Indianapolis Colts*
0,0.4375,0.1875,0,0,0.25,0,0.6,0,0,4,1990,7,Indianapolis Colts
0,0.5625,0.0625,1,0,0,0,-1.6,0,0,1,1992,7,Indianapolis Colts
0,0.25,0.0625,0,1,0,0,0.5,0,0,2,1993,7,Indianapolis Colts
0,0.5,0.0625,0,0,0,1,-0.7,0,1,3,1994,7,Indianapolis Colts
0,0.5625,0.0625,0,0,0.25,0,-2.3,0,1,4,1995,7,Indianapolis Colts
0,0.5625,0.5625,1,0,0,0,-0.6,0,0,1,1996,7,Indianapolis Colts
1,0.1875,0.5625,0,1,0,0,1.2,0,1,2,1997,7,Indianapolis Colts
0,0.1875,0.1875,1,0,0,0,3,0,0,1,1998,7,Indianapolis Colts*
0,0.8125,0.1875,0,1,0.5,0,0.5,0,0,2,1999,7,Indianapolis Colts*
0,0.625,0.1875,0,0,0.333333333,1,1.5,0,0,3,2000,7,Indianapolis Colts
1,0.375,0.1875,0,0,0.25,0,0.8,0,0,4,2001,7,Indianapolis Colts
0,0.625,0.375,1,0,0,0,-1.1,0,0,1,2002,7,Indianapolis Colts*
0,0.75,0.375,0,1,0.5,0,0,0,0,2,2003,7,Indianapolis Colts*
0,0.75,0.375,0,0,0.666666667,1,0.7,0,0,3,2004,7,Indianapolis Colts
0,0.875,0.375,0,0,0.75,0,-1.2,0,0,4,2005,7,Indianapolis Colts*
0,0.75,0.375,0,0,0.8,0,1.7,0.2,0,5,2006,7,Indianapolis Colts*
0,0.8125,0.375,0,0,0.833333333,0,0.3,0.166666667,0,6,2007,7,Indianapolis Colts*
0,0.75,0.375,0,0,0.714285714,0,1.6,0.142857143,0,7,2008,7,Indianapolis Colts*
0,0.875,0.75,1,0,1,0,-0.9,0,0,1,2009,7,Indianapolis Colts*
0,0.625,0.75,0,1,0.5,0,-0.1,0,1,2,2010,7,Indianapolis Colts*
1,0.125,0.75,0,0,0.333333333,1,0.4,0,1,3,2011,7,Indianapolis Colts*
0,0.6875,0.125,1,0,0,0,-2.8,0,0,1,2012,7,Indianapolis Colts*
0,0.6875,0.125,0,1,0.5,0,0.6,0,0,2,2013,7,Indianapolis Colts*
0,0.6875,0.125,0,0,0.666666667,1,-1.1,0,0,3,2014,7,Indianapolis Colts
0,0.6875,0.125,0,0,0.333333333,1,1.6,0,0,3,2015,7,Indianapolis Colts
0,0.53125,0.3125,0,0,0,0,2.3,0,0,4,1983,8,St. Louis Cardinals
0,0.5625,0.3125,0,0,0,0,0.5,0,0,5,1984,8,St. Louis Cardinals
1,0.3125,0.3125,0,0,0,0,-1.6,0,0,6,1985,8,St. Louis Cardinals
0,0.28125,0.3125,1,0,0,0,0.2,0,0,1,1986,8,St. Louis Cardinals
0,0.466666667,0.3125,0,1,0,0,-0.5,0,0,2,1987,8,St. Louis Cardinals
0,0.4375,0.3125,0,0,0,1,0.2,0,1,3,1988,8,Phoenix Cardinals
0,0.3125,0.3125,1,0,0,0,1.3,0,0,1,1990,8,Phoenix Cardinals
0,0.25,0.3125,0,1,0,0,3.8,0,0,2,1991,8,Phoenix Cardinals
0,0.25,0.3125,0,0,0,1,2.5,0,0,3,1992,8,Phoenix Cardinals
1,0.4375,0.3125,0,0,0,0,0.4,0,0,4,1993,8,Phoenix Cardinals
0,0.5,0.4375,1,0,0,0,-0.3,0,0,1,1994,8,Phoenix Cardinals
1,0.25,0.4375,0,1,0,0,1.7,0,0,2,1995,8,Arizona Cardinals
0,0.4375,0.25,1,0,0,0,-1.4,0,0,1,1996,8,Arizona Cardinals
0,0.25,0.25,0,1,0,0,-0.4,0,0,2,1997,8,Arizona Cardinals
0,0.5625,0.25,0,0,0.333333333,1,-4.1,0,0,3,1998,8,Arizona Cardinals
0,0.375,0.25,0,0,0.25,0,-0.2,0,0,4,1999,8,Arizona Cardinals*
0,0.4375,0.1875,1,0,0,0,-1.2,0,0,1,2001,8,Arizona Cardinals
0,0.3125,0.1875,0,1,0,0,-0.2,0,0,2,2002,8,Arizona Cardinals
1,0.25,0.1875,0,0,0,1,1.6,0,1,3,2003,8,Arizona Cardinals
0,0.375,0.25,1,0,0,0,-2.5,0,0,1,2004,8,Arizona Cardinals
0,0.3125,0.25,0,1,0,0,-0.2,0,0,2,2005,8,Arizona Cardinals
1,0.3125,0.25,0,0,0,1,-2.2,0,0,3,2006,8,Arizona Cardinals
0,0.5,0.3125,1,0,0,0,-4.3,0,0,1,2007,8,Arizona Cardinals
0,0.5625,0.3125,0,1,0.5,0,-1.9,0,0,2,2008,8,Arizona Cardinals
0,0.625,0.3125,0,0,0.666666667,1,-3.4,0,0,3,2009,8,Arizona Cardinals
0,0.3125,0.3125,0,0,0.5,0,-3.6,0,0,4,2010,8,Arizona Cardinals*
0,0.5,0.3125,0,0,0.4,0,0,0,0,5,2011,8,Arizona Cardinals*
1,0.3125,0.3125,0,0,0.333333333,0,3.5,0,0,6,2012,8,Arizona Cardinals
0,0.625,0.3125,1,0,0,0,3,0,0,1,2013,8,Arizona Cardinals
0,0.6875,0.3125,0,1,0,0,1.3,0,0,2,2014,8,Arizona Cardinals
0,0.625,0.25,1,0,0,0,-3,0,0,1,2015,8,Arizona Cardinals
0,0.75,0.041666667,0,0,0.695652174,0,1.1,0.086956522,0,23,1983,9,Dallas Cowboys*
0,0.5625,0.041666667,0,0,0.666666667,0,1,0.083333333,0,24,1984,9,Dallas Cowboys
0,0.625,0.041666667,0,0,0.68,0,-1.3,0.08,0,25,1985,9,Dallas Cowboys*
0,0.4375,0.041666667,0,0,0.653846154,0,1.5,0.076923077,0,26,1986,9,Dallas Cowboys
0,0.466666667,0.041666667,0,0,0.62962963,0,-1.5,0.074074074,0,27,1987,9,Dallas Cowboys
1,0.1875,0.041666667,0,0,0.607142857,0,1.2,0.071428571,0,28,1988,9,Dallas Cowboys
0,0.0625,0.1875,1,0,0,0,1.4,0,0,1,1989,9,Dallas Cowboys
0,0.4375,0.1875,0,1,0,0,0.3,0,0,2,1990,9,Dallas Cowboys
0,0.6875,0.1875,0,0,0.333333333,1,2.4,0,0,3,1991,9,Dallas Cowboys*
0,0.8125,0.1875,0,0,0.5,0,-0.4,0.25,0,4,1992,9,Dallas Cowboys*
0,0.75,0.1875,0,0,0.6,0,0.4,0.4,0,5,1993,9,Dallas Cowboys*
0,0.75,0.75,1,0,1,0,-0.3,0,0,1,1994,9,Dallas Cowboys*
0,0.75,0.75,0,1,1,0,0.7,0.5,0,2,1995,9,Dallas Cowboys*
0,0.625,0.75,0,0,1,1,0.1,0.333333333,0,3,1996,9,Dallas Cowboys*
1,0.375,0.75,0,0,0.75,0,-0.1,0.25,0,4,1997,9,Dallas Cowboys
0,0.625,0.375,1,0,0,0,-3.1,0,0,1,1998,9,Dallas Cowboys*
1,0.5,0.375,0,1,0,0,-1.6,0,0,2,1999,9,Dallas Cowboys*
0,0.3125,0.5,1,0,0,0,-0.4,0,0,1,2000,9,Dallas Cowboys
0,0.3125,0.5,0,1,0,0,-0.2,0,0,2,2001,9,Dallas Cowboys
1,0.3125,0.5,0,0,0,1,-1.5,0,0,3,2002,9,Dallas Cowboys
0,0.625,0.3125,1,0,0,0,-2.3,0,0,1,2003,9,Dallas Cowboys*
0,0.375,0.3125,0,1,0,0,-0.8,0,0,2,2004,9,Dallas Cowboys
0,0.5625,0.3125,0,0,0,1,2.1,0,0,3,2005,9,Dallas Cowboys
0,0.5625,0.3125,0,0,0,0,-1,0,0,4,2006,9,Dallas Cowboys*
0,0.8125,0.5625,1,0,1,0,1.3,0,0,1,2007,9,Dallas Cowboys*
0,0.5625,0.5625,0,1,0.5,0,0.8,0,0,2,2008,9,Dallas Cowboys
0,0.6875,0.5625,0,0,0.666666667,1,0.2,0,0,3,2009,9,Dallas Cowboys*
0,0.5,0.375,1,0,0,0,0.3,0,0,1,2011,9,Dallas Cowboys
0,0.5,0.375,0,1,0,0,1.8,0,0,2,2012,9,Dallas Cowboys
0,0.5,0.375,0,0,0,1,-1.1,0,0,3,2013,9,Dallas Cowboys
0,0.75,0.375,0,0,0.25,0,-1.8,0,0,4,2014,9,Dallas Cowboys
0,0.6875,0.34375,0,1,0,0,1.9,0,0,2,2015,9,Dallas Cowboys
0,0.5625,0.5,0,0,0,1,-1.2,0,1,3,1983,10,Denver Broncos*
0,0.8125,0.5,0,0,0.25,0,0.7,0,1,4,1984,10,Denver Broncos*
0,0.6875,0.5,0,0,0.2,0,0.4,0,1,5,1985,10,Denver Broncos
0,0.6875,0.5,0,0,0.333333333,0,2,0,1,6,1986,10,Denver Broncos*
0,0.7,0.5,0,0,0.428571429,0,-1.9,0,1,7,1987,10,Denver Broncos*
0,0.5,0.5,0,0,0.375,0,-1.8,0,1,8,1988,10,Denver Broncos
0,0.6875,0.5,0,0,0.444444444,0,0.8,0,1,9,1989,10,Denver Broncos*
0,0.3125,0.5,0,0,0.4,0,1.9,0,1,10,1990,10,Denver Broncos
0,0.75,0.5,0,0,0.454545455,0,-0.9,0,1,11,1991,10,Denver Broncos*
1,0.5,0.5,0,0,0.416666667,0,0.8,0,1,12,1992,10,Denver Broncos
0,0.5625,0.5,1,0,0,0,-0.5,0,0,1,1993,10,Denver Broncos*
1,0.4375,0.5,0,1,0,0,-0.3,0,0,2,1994,10,Denver Broncos
0,0.5,0.4375,1,0,0,0,0.4,0,0,1,1995,10,Denver Broncos
0,0.8125,0.4375,0,1,0.5,0,0.3,0,0,2,1996,10,Denver Broncos*
0,0.75,0.4375,0,0,0.666666667,1,-0.9,0.333333333,0,3,1997,10,Denver Broncos*
0,0.875,0.4375,0,0,0.75,0,-3.1,0.5,0,4,1998,10,Denver Broncos*
0,0.375,0.4375,0,0,0.6,0,3.6,0.4,1,5,1999,10,Denver Broncos
0,0.6875,0.4375,0,0,0.5,0,-2.2,0.333333333,1,6,2000,10,Denver Broncos*
0,0.5,0.4375,0,0,0.428571429,0,-0.5,0.285714286,1,7,2001,10,Denver Broncos
0,0.5625,0.4375,0,0,0.375,0,1.9,0.25,1,8,2002,10,Denver Broncos
0,0.625,0.4375,0,0,0.333333333,0,0.5,0.222222222,1,9,2003,10,Denver Broncos*
0,0.625,0.4375,0,0,0.3,0,1,0.2,1,10,2004,10,Denver Broncos*
0,0.8125,0.4375,0,0,0.363636364,0,2.2,0.181818182,1,11,2005,10,Denver Broncos*
0,0.5625,0.4375,0,0,0.333333333,0,0.4,0.166666667,1,12,2006,10,Denver Broncos
0,0.4375,0.4375,0,0,0.307692308,0,1.6,0.153846154,1,13,2007,10,Denver Broncos
1,0.5,0.4375,0,0,0.285714286,0,-0.9,0.142857143,1,14,2008,10,Denver Broncos
0,0.5,0.5,1,0,0,0,0.2,0,0,1,2009,10,Denver Broncos
0,0.5,0.25,1,0,1,0,-0.2,0,0,1,2011,10,Denver Broncos
0,0.8125,0.25,0,1,1,0,-1.9,0,1,2,2012,10,Denver Broncos*
0,0.8125,0.25,0,0,1,1,-1.6,0,1,3,2013,10,Denver Broncos*
0,0.75,0.25,0,0,1,0,1.6,0,1,4,2014,10,Denver Broncos*
0,0.75,0.125,0,0,0,0,1.9,0,0,13,2015,10,Denver Broncos*
0,0.5625,0.428571429,0,0,0.166666667,0,-1.7,0,0,6,1983,11,Detroit Lions*
1,0.28125,0.428571429,0,0,0.142857143,0,1.6,0,0,7,1984,11,Detroit Lions
0,0.4375,0.28125,1,0,0,0,2,0,0,1,1985,11,Detroit Lions
0,0.3125,0.28125,0,1,0,0,-1.2,0,0,2,1986,11,Detroit Lions
0,0.266666667,0.28125,0,0,0,1,-2.2,0,0,3,1987,11,Detroit Lions
0,0.4375,0.25,1,0,0,0,-0.2,0,0,1,1989,11,Detroit Lions
0,0.375,0.25,0,1,0,0,0.9,0,0,2,1990,11,Detroit Lions
0,0.75,0.25,0,0,0.333333333,1,-1.8,0,0,3,1991,11,Detroit Lions
0,0.3125,0.25,0,0,0.25,0,1.8,0,0,4,1992,11,Detroit Lions*
0,0.625,0.25,0,0,0.2,0,-0.7,0,0,5,1993,11,Detroit Lions
0,0.5625,0.25,0,0,0.166666667,0,1.4,0,0,6,1994,11,Detroit Lions*
0,0.625,0.25,0,0,0.142857143,0,0.6,0,0,7,1995,11,Detroit Lions*
1,0.3125,0.25,0,0,0.125,0,1.2,0,0,8,1996,11,Detroit Lions*
0,0.5625,0.3125,1,0,0,0,-0.6,0,0,1,1997,11,Detroit Lions
0,0.3125,0.3125,0,1,0,0,1.1,0,0,2,1998,11,Detroit Lions*
0,0.5,0.3125,0,0,0,1,2,0,0,3,1999,11,Detroit Lions
0,0.125,0.5625,1,0,0,0,2.4,0,0,1,2001,11,Detroit Lions*
1,0.1875,0.5625,0,1,0,0,-0.1,0,0,2,2002,11,Detroit Lions
0,0.3125,0.1875,1,0,0,0,1,0,0,1,2003,11,Detroit Lions
0,0.375,0.1875,0,1,0,0,-1.8,0,0,2,2004,11,Detroit Lions
0,0.1875,0.3125,1,0,0,0,-0.5,0,0,1,2006,11,Detroit Lions
0,0.4375,0.3125,0,1,0,0,2.6,0,0,2,2007,11,Detroit Lions
1,0,0.3125,0,0,0,1,2.5,0,1,3,2008,11,Detroit Lions
0,0.125,0,1,0,0,0,0.1,0,0,1,2009,11,Detroit Lions
0,0.375,0,0,1,0,0,2.3,0,0,2,2010,11,Detroit Lions
0,0.625,0,0,0,0,1,0.6,0,0,3,2011,11,Detroit Lions
0,0.25,0,0,0,0,0,1.8,0,0,4,2012,11,Detroit Lions
1,0.4375,0,0,0,0,0,-2.8,0,0,5,2013,11,Detroit Lions
0,0.6875,0.4375,1,0,0,0,-0.4,0,0,1,2014,11,Detroit Lions*
0,0.4375,0.1875,1,0,0,0,2.3,0,0,1,2015,11,Detroit Lions*
1,0.5,0.428571429,0,0,0.111111111,0,-1.2,0,1,9,1983,12,Green Bay Packers
0,0.5,0.5,1,0,0,0,-0.1,0,0,1,1984,12,Green Bay Packers
0,0.5,0.5,0,1,0,0,1.3,0,0,2,1985,12,Green Bay Packers
0,0.25,0.5,0,0,0,1,0.7,0,0,3,1986,12,Green Bay Packers
1,0.366666667,0.5,0,0,0,0,-0.4,0,1,4,1987,12,Green Bay Packers
0,0.25,0.366666667,1,0,0,0,1.4,0,0,1,1988,12,Green Bay Packers
0,0.625,0.366666667,0,1,0,0,-1.3,0,0,2,1989,12,Green Bay Packers
0,0.375,0.366666667,0,0,0,1,0.6,0,0,3,1990,12,Green Bay Packers
1,0.25,0.366666667,0,0,0,0,-2.3,0,0,4,1991,12,Green Bay Packers
0,0.5625,0.25,1,0,0,0,-0.3,0,0,1,1992,12,Green Bay Packers
0,0.5625,0.25,0,1,0.5,0,-0.4,0,0,2,1993,12,Green Bay Packers*
0,0.5625,0.25,0,0,0.666666667,1,0.1,0,0,3,1994,12,Green Bay Packers*
0,0.6875,0.25,0,0,0.75,0,0.4,0,0,4,1995,12,Green Bay Packers*
0,0.8125,0.25,0,0,0.8,0,-0.1,0.2,0,5,1996,12,Green Bay Packers*
0,0.8125,0.25,0,0,0.833333333,0,-1.1,0.166666667,0,6,1997,12,Green Bay Packers*
0,0.6875,0.25,0,0,0.714285714,0,-0.5,0.142857143,0,7,1998,12,Green Bay Packers*
1,0.5,0.6875,1,0,0,0,0.6,0,0,1,1999,12,Green Bay Packers
0,0.5625,0.5,1,0,0,0,0.6,0,0,1,2000,12,Green Bay Packers
0,0.75,0.5,0,1,0.5,0,-1.1,0,1,2,2001,12,Green Bay Packers*
0,0.75,0.5,0,0,0.333333333,1,-0.8,0,1,3,2002,12,Green Bay Packers*
0,0.625,0.5,0,0,0.5,0,-0.3,0,1,4,2003,12,Green Bay Packers*
0,0.625,0.5,0,0,0.4,0,-2.4,0,1,5,2004,12,Green Bay Packers*
1,0.25,0.5,0,0,0.333333333,0,-0.8,0,1,6,2005,12,Green Bay Packers
0,0.5,0.25,1,0,0,0,-0.4,0,0,1,2006,12,Green Bay Packers
0,0.8125,0.25,0,1,0.5,0,0,0,0,2,2007,12,Green Bay Packers*
0,0.375,0.25,0,0,0.333333333,1,0.5,0,0,3,2008,12,Green Bay Packers
0,0.6875,0.25,0,0,0.25,0,-2.9,0,0,4,2009,12,Green Bay Packers*
0,0.625,0.25,0,0,0.4,0,1.7,0.2,0,5,2010,12,Green Bay Packers*
0,0.9375,0.25,0,0,0.5,0,-1.2,0.166666667,0,6,2011,12,Green Bay Packers*
0,0.6875,0.25,0,0,0.571428571,0,1.2,0.142857143,0,7,2012,12,Green Bay Packers*
0,0.53125,0.25,0,0,0.5,0,-2.4,0.125,0,8,2013,12,Green Bay Packers*
0,0.75,0.25,0,0,0.555555556,0,-0.3,0.111111111,0,9,2014,12,Green Bay Packers*
0,0.5625,0.125,0,1,0,0,-2.4,0,0,2,2015,12,Green Bay Packers*
NA,0.25,0.25,1,0,0,0,-0.5,0,0,1,2002,13,Houston Texans
0,0.3125,0.25,1,0,0,0,1.9,0,0,1,2003,13,Houston Texans
0,0.4375,0.25,0,1,0,0,1.2,0,0,2,2004,13,Houston Texans
1,0.125,0.25,0,0,0,1,0.7,0,0,3,2005,13,Houston Texans
0,0.375,0.125,1,0,0,0,1.7,0,0,1,2006,13,Houston Texans
0,0.5,0.125,0,1,0,0,0.3,0,0,2,2007,13,Houston Texans
0,0.5,0.125,0,0,0,1,1.4,0,0,3,2008,13,Houston Texans
0,0.5625,0.125,0,0,0,0,-1.5,0,0,4,2009,13,Houston Texans
0,0.375,0.125,0,0,0,0,0.5,0,0,5,2010,13,Houston Texans
0,0.625,0.125,0,0,0.166666667,0,-1.9,0,0,6,2011,13,Houston Texans*
0,0.75,0.125,0,0,0.285714286,0,-1.8,0,0,7,2012,13,Houston Texans*
0,0.5625,0.125,1,0,0,0,-2.3,0,0,1,2014,13,Houston Texans
NA,0.25,0.25,1,0,0,0,0,0,0,1,1995,13,Jacksonville Jaguars
0,0.5625,0.25,1,0,1,0,-0.9,0,0,1,1996,13,Jacksonville Jaguars*
0,0.6875,0.25,0,1,0.5,0,0.7,0,0,2,1997,13,Jacksonville Jaguars*
0,0.6875,0.25,0,0,0.666666667,1,-0.9,0,0,3,1998,13,Jacksonville Jaguars*
0,0.875,0.25,0,0,0.75,0,-4.8,0,0,4,1999,13,Jacksonville Jaguars*
0,0.4375,0.25,0,0,0.6,0,-1.4,0,0,5,2000,13,Jacksonville Jaguars
0,0.375,0.25,0,0,0.5,0,0.4,0,0,6,2001,13,Jacksonville Jaguars
1,0.375,0.25,0,0,0.428571429,0,-1,0,0,7,2002,13,Jacksonville Jaguars
0,0.3125,0.375,1,0,0,0,1,0,0,1,2003,13,Jacksonville Jaguars
0,0.5625,0.375,0,1,0,0,1.9,0,0,2,2004,13,Jacksonville Jaguars
0,0.75,0.375,0,0,0,1,-1,0,0,3,2005,13,Jacksonville Jaguars*
0,0.5,0.375,0,0,0,0,1.4,0,0,4,2006,13,Jacksonville Jaguars
0,0.6875,0.375,0,0,0.2,0,0.1,0,0,5,2007,13,Jacksonville Jaguars*
0,0.3125,0.375,0,0,0.166666667,0,1.6,0,0,6,2008,13,Jacksonville Jaguars
0,0.4375,0.375,0,0,0.142857143,0,-0.9,0,1,7,2009,13,Jacksonville Jaguars
0,0.5,0.375,0,0,0.125,0,-0.4,0,1,8,2010,13,Jacksonville Jaguars
1,0.125,0.3125,1,0,0,0,-1.1,0,0,1,2012,13,Jacksonville Jaguars
0,0.25,0.125,1,0,0,0,1.5,0,0,1,2013,13,Jacksonville Jaguars
0,0.1875,0.125,0,1,0,0,-0.3,0,0,2,2014,13,Jacksonville Jaguars
0,0.375,0.3125,1,0,0,0,2.6,0,0,1,2015,13,Jacksonville Jaguars
0,0.375,0.333333333,1,0,0,0,0.9,0,0,1,1983,14,Kansas City Chiefs
0,0.5,0.333333333,0,1,0,0,1.5,0,0,2,1984,14,Kansas City Chiefs
0,0.375,0.333333333,0,0,0,1,1.1,0,0,3,1985,14,Kansas City Chiefs
1,0.625,0.333333333,0,0,0,0,-1,0,0,4,1986,14,Kansas City Chiefs*
0,0.266666667,0.625,1,0,0,0,-0.3,0,0,1,1987,14,Kansas City Chiefs
1,0.28125,0.625,0,1,0,0,-1.6,0,0,2,1988,14,Kansas City Chiefs
0,0.53125,0.28125,1,0,0,0,0,0,0,1,1989,14,Kansas City Chiefs
0,0.6875,0.28125,0,1,0,0,-0.3,0,0,2,1990,14,Kansas City Chiefs*
0,0.625,0.28125,0,0,0.333333333,1,2,0,0,3,1991,14,Kansas City Chiefs*
0,0.625,0.28125,0,0,0.25,0,-0.7,0,0,4,1992,14,Kansas City Chiefs*
0,0.6875,0.28125,0,0,0.4,0,0.6,0,0,5,1993,14,Kansas City Chiefs*
0,0.5625,0.28125,0,0,0.333333333,0,-0.4,0,0,6,1994,14,Kansas City Chiefs*
0,0.8125,0.28125,0,0,0.428571429,0,0.3,0,0,7,1995,14,Kansas City Chiefs*
0,0.5625,0.28125,0,0,0.375,0,2,0,0,8,1996,14,Kansas City Chiefs
0,0.8125,0.28125,0,0,0.444444444,0,-0.5,0,0,9,1997,14,Kansas City Chiefs*
0,0.4375,0.28125,0,0,0.4,0,-0.8,0,0,10,1998,14,Kansas City Chiefs
0,0.5625,0.4375,1,0,0,0,2.6,0,0,1,1999,14,Kansas City Chiefs
1,0.4375,0.4375,0,1,0,0,0.6,0,0,2,2000,14,Kansas City Chiefs
0,0.375,0.4375,1,0,0,0,0.3,0,0,1,2001,14,Kansas City Chiefs
0,0.5,0.4375,0,1,0,0,1.9,0,0,2,2002,14,Kansas City Chiefs
0,0.8125,0.4375,0,0,0.333333333,1,-1.2,0,0,3,2003,14,Kansas City Chiefs*
0,0.4375,0.4375,0,0,0.25,0,2.3,0,0,4,2004,14,Kansas City Chiefs
0,0.625,0.4375,0,0,0.2,0,2.1,0,0,5,2005,14,Kansas City Chiefs
0,0.5625,0.625,1,0,0,0,0,0,0,1,2006,14,Kansas City Chiefs*
0,0.25,0.625,0,1,0,0,1.4,0,0,2,2007,14,Kansas City Chiefs
1,0.125,0.625,0,0,0,1,0.1,0,0,3,2008,14,Kansas City Chiefs
0,0.25,0.125,1,0,0,0,-0.3,0,0,1,2009,14,Kansas City Chiefs
0,0.625,0.125,0,1,0,0,-3.2,0,0,2,2010,14,Kansas City Chiefs*
1,0.125,0.4375,1,0,0,0,-0.6,0,0,1,2012,14,Kansas City Chiefs
0,0.6875,0.125,1,0,0,0,-1.7,0,0,1,2013,14,Kansas City Chiefs
0,0.5625,0.125,0,1,0,0,1.1,0,0,2,2014,14,Kansas City Chiefs*
0,0.625,0.5,0,0,0.333333333,0,2.2,0.111111111,0,9,2015,14,Kansas City Chiefs*
0,0.75,0.25,0,0,0.642857143,0,-1,0.142857143,0,14,1983,15,Miami Dolphins*
0,0.875,0.25,0,0,0.666666667,0,-2.9,0.133333333,0,15,1984,15,Miami Dolphins*
0,0.75,0.25,0,0,0.6875,0,0.3,0.125,0,16,1985,15,Miami Dolphins*
0,0.5,0.25,0,0,0.647058824,0,-1.1,0.117647059,0,17,1986,15,Miami Dolphins
0,0.533333333,0.25,0,0,0.611111111,0,0.3,0.111111111,0,18,1987,15,Miami Dolphins
0,0.375,0.25,0,0,0.578947368,0,1,0.105263158,0,19,1988,15,Miami Dolphins
0,0.5,0.25,0,0,0.55,0,-1.8,0.1,0,20,1989,15,Miami Dolphins
0,0.75,0.25,0,0,0.571428571,0,-1.2,0.095238095,0,21,1990,15,Miami Dolphins*
0,0.5,0.25,0,0,0.545454545,0,-3.7,0.090909091,0,22,1991,15,Miami Dolphins
0,0.6875,0.25,0,0,0.565217391,0,-2.2,0.086956522,0,23,1992,15,Miami Dolphins*
0,0.5625,0.25,0,0,0.541666667,0,-0.3,0.083333333,0,24,1993,15,Miami Dolphins
0,0.625,0.25,0,0,0.56,0,0.3,0.08,0,25,1994,15,Miami Dolphins*
0,0.5625,0.25,0,0,0.538461538,0,-1.4,0.076923077,0,26,1995,15,Miami Dolphins*
0,0.5,0.5625,1,0,0,0,-0.6,0,0,1,1996,15,Miami Dolphins
0,0.5625,0.5625,0,1,0,0,0.6,0,0,2,1997,15,Miami Dolphins*
0,0.625,0.5625,0,0,0.333333333,1,2.4,0,0,3,1998,15,Miami Dolphins*
0,0.5625,0.5625,0,0,0.5,0,2.5,0,0,4,1999,15,Miami Dolphins*
0,0.6875,0.5625,1,0,1,0,1,0,0,1,2000,15,Miami Dolphins*
0,0.6875,0.5625,0,1,0.5,0,-0.7,0,0,2,2001,15,Miami Dolphins*
0,0.5625,0.5625,0,0,0.333333333,1,1.2,0,0,3,2002,15,Miami Dolphins
0,0.625,0.5625,0,0,0.25,0,0.3,0,0,4,2003,15,Miami Dolphins
0,0.5625,0.25,1,0,0,0,-0.8,0,0,1,2005,15,Miami Dolphins
0,0.375,0.25,0,1,0,0,2.1,0,0,2,2006,15,Miami Dolphins
1,0.0625,0.375,1,0,0,0,2.3,0,0,1,2007,15,Miami Dolphins
0,0.6875,0.0625,1,0,0,0,-2.3,0,0,1,2008,15,Miami Dolphins
0,0.4375,0.0625,0,1,0,0,3.6,0,0,2,2009,15,Miami Dolphins*
0,0.4375,0.0625,0,0,0,1,4.1,0,0,3,2010,15,Miami Dolphins
0,0.4375,0.375,1,0,0,0,-0.8,0,0,1,2012,15,Miami Dolphins
0,0.5,0.375,0,1,0,0,0.3,0,0,2,2013,15,Miami Dolphins
0,0.5,0.375,0,0,0,1,1.6,0,1,3,2014,15,Miami Dolphins
0,0.5,0.375,1,0,0,0,-3.4,0,0,1,2015,15,Miami Dolphins
1,0.5,0.321428571,0,0,0.705882353,0,-1.1,0,1,17,1983,16,Minnesota Vikings
1,0.1875,0.5,1,0,0,0,2.1,0,0,1,1984,16,Minnesota Vikings
1,0.4375,0.1875,1,0,0,0,-0.4,0,0,1,1985,16,Minnesota Vikings
0,0.5625,0.4375,1,0,0,0,-1.3,0,0,1,1986,16,Minnesota Vikings
0,0.533333333,0.4375,0,1,0.5,0,-2.7,0,0,2,1987,16,Minnesota Vikings*
0,0.6875,0.4375,0,0,0.666666667,1,0,0,0,3,1988,16,Minnesota Vikings*
0,0.625,0.4375,0,0,0.75,0,-0.4,0,0,4,1989,16,Minnesota Vikings*
0,0.375,0.4375,0,0,0.6,0,0.9,0,0,5,1990,16,Minnesota Vikings
0,0.5,0.4375,0,0,0.5,0,-1.7,0,1,6,1991,16,Minnesota Vikings
0,0.6875,0.5,1,0,0,0,-0.1,0,0,1,1992,16,Minnesota Vikings*
0,0.5625,0.5,0,1,0,0,0.7,0,0,2,1993,16,Minnesota Vikings*
0,0.625,0.5,0,0,0,1,0.6,0,0,3,1994,16,Minnesota Vikings*
0,0.5,0.5,0,0,0,0,2,0,0,4,1995,16,Minnesota Vikings
0,0.5625,0.5,0,0,0,0,0.9,0,0,5,1996,16,Minnesota Vikings*
0,0.5625,0.5,0,0,0.166666667,0,0.2,0,0,6,1997,16,Minnesota Vikings*
0,0.9375,0.5,0,0,0.285714286,0,-1.4,0,0,7,1998,16,Minnesota Vikings*
0,0.625,0.5,0,0,0.375,0,0.4,0,1,8,1999,16,Minnesota Vikings*
0,0.6875,0.5,0,0,0.444444444,0,0.3,0,1,9,2000,16,Minnesota Vikings*
0,0.375,0.3125,1,0,0,0,0.2,0,0,1,2002,16,Minnesota Vikings
0,0.5625,0.3125,0,1,0,0,-1,0,0,2,2003,16,Minnesota Vikings
0,0.5,0.3125,0,0,0.333333333,1,-2.3,0,0,3,2004,16,Minnesota Vikings
1,0.5625,0.3125,0,0,0.25,0,-1.1,0,0,4,2005,16,Minnesota Vikings*
0,0.375,0.5625,1,0,0,0,-1.3,0,0,1,2006,16,Minnesota Vikings
0,0.5,0.5625,0,1,0,0,0.4,0,1,2,2007,16,Minnesota Vikings
0,0.625,0.5625,0,0,0,1,1.2,0,1,3,2008,16,Minnesota Vikings
0,0.75,0.5625,0,0,0.25,0,-2.7,0,1,4,2009,16,Minnesota Vikings*
0,0.1875,0.375,1,0,0,0,1.1,0,0,1,2011,16,Minnesota Vikings*
0,0.625,0.375,0,1,0,0,1.4,0,0,2,2012,16,Minnesota Vikings
1,0.34375,0.375,0,0,0,1,-1.1,0,0,3,2013,16,Minnesota Vikings
0,0.4375,0.34375,1,0,0,0,-0.5,0,0,1,2014,16,Minnesota Vikings*
0,0.5,0.5625,1,0,0,0,-1.2,0,0,1,2015,16,Minnesota Vikings*
0,0.5,0.0625,0,0,0,1,1.1,0,0,3,1983,17,New Orleans Saints
0,0.4375,0.0625,0,0,0,0,1,0,0,4,1984,17,New Orleans Saints
0,0.4375,0.3125,1,0,0,0,0,0,0,1,1986,17,New Orleans Saints
0,0.8,0.3125,0,1,0,0,0.8,0,0,2,1987,17,New Orleans Saints
0,0.625,0.3125,0,0,0,1,-0.3,0,0,3,1988,17,New Orleans Saints*
0,0.5625,0.3125,0,0,0,0,-0.7,0,0,4,1989,17,New Orleans Saints
0,0.5,0.3125,0,0,0,0,-1.2,0,0,5,1990,17,New Orleans Saints
0,0.6875,0.3125,0,0,0,0,0.9,0,0,6,1991,17,New Orleans Saints*
0,0.75,0.3125,0,0,0,0,-0.2,0,0,7,1992,17,New Orleans Saints*
0,0.5,0.3125,0,0,0,0,0.3,0,1,8,1993,17,New Orleans Saints*
0,0.4375,0.3125,0,0,0,0,0.1,0,1,9,1994,17,New Orleans Saints
0,0.4375,0.3125,0,0,0,0,-0.3,0,1,10,1995,17,New Orleans Saints
0,0.375,0.1875,1,0,0,0,-1.8,0,0,1,1997,17,New Orleans Saints
0,0.375,0.1875,0,1,0,0,3.5,0,0,2,1998,17,New Orleans Saints
1,0.1875,0.1875,0,0,0,1,-1.3,0,0,3,1999,17,New Orleans Saints
0,0.625,0.1875,1,0,1,0,-2.2,0,0,1,2000,17,New Orleans Saints
0,0.4375,0.1875,0,1,0.5,0,-0.1,0,0,2,2001,17,New Orleans Saints
0,0.5625,0.1875,0,0,0.333333333,1,-0.3,0,1,3,2002,17,New Orleans Saints*
0,0.5,0.1875,0,0,0.25,0,-1.1,0,1,4,2003,17,New Orleans Saints
0,0.5,0.1875,0,0,0.2,0,-2,0,1,5,2004,17,New Orleans Saints
1,0.1875,0.1875,0,0,0.166666667,0,-0.9,0,1,6,2005,17,New Orleans Saints
0,0.625,0.1875,1,0,1,0,-1.6,0,0,1,2006,17,New Orleans Saints
0,0.4375,0.1875,0,1,0.5,0,-2,0,0,2,2007,17,New Orleans Saints
0,0.5,0.1875,0,0,0.333333333,1,-0.3,0,0,3,2008,17,New Orleans Saints*
0,0.8125,0.1875,0,0,0.5,0,0.2,0.25,0,4,2009,17,New Orleans Saints
0,0.6875,0.1875,0,0,0.4,0,-2.5,0.2,0,5,2010,17,New Orleans Saints
0,0.8125,0.1875,0,0,0.5,0,-1.6,0.166666667,0,6,2011,17,New Orleans Saints*
0,0.6875,0.625,0,0,0.571428571,0,1.9,0.142857143,0,7,2013,17,New Orleans Saints*
0,0.4375,0.625,0,0,0.5,0,-1.5,0.125,0,8,2014,17,New Orleans Saints*
0,0.5625,0.1875,0,1,0,0,-2.5,0,1,2,2015,17,New Orleans Saints*
0,0.5,0.125,0,1,0,0,-0.1,0,1,2,1983,18,New England Patriots
0,0.6875,0.5625,1,0,1,0,1.3,0,0,1,1985,18,New England Patriots
0,0.6875,0.5625,0,1,1,0,-0.9,0,0,2,1986,18,New England Patriots*
0,0.533333333,0.5625,0,0,0.666666667,1,1.3,0,0,3,1987,18,New England Patriots*
0,0.5625,0.5625,0,0,0.5,0,2,0,0,4,1988,18,New England Patriots
1,0.3125,0.5625,0,0,0.4,0,-1.2,0,0,5,1989,18,New England Patriots
1,0.0625,0.3125,1,0,0,0,2,0,0,1,1990,18,New England Patriots
0,0.375,0.0625,1,0,0,0,-2.8,0,0,1,1991,18,New England Patriots
1,0.125,0.0625,0,1,0,0,-1.1,0,1,2,1992,18,New England Patriots
0,0.3125,0.125,1,0,0,0,-0.8,0,0,1,1993,18,New England Patriots
0,0.625,0.125,0,1,0,0,0.8,0,0,2,1994,18,New England Patriots
0,0.375,0.125,0,0,0,1,-0.2,0,1,3,1995,18,New England Patriots*
0,0.6875,0.125,0,0,0.25,0,-1.5,0,1,4,1996,18,New England Patriots
0,0.625,0.6875,1,0,1,0,0.3,0,0,1,1997,18,New England Patriots*
0,0.5625,0.6875,0,1,0.5,0,3.4,0,0,2,1998,18,New England Patriots*
1,0.5,0.6875,0,0,0.333333333,1,1.3,0,0,3,1999,18,New England Patriots*
0,0.3125,0.5,1,0,0,0,1.4,0,0,1,2000,18,New England Patriots
0,0.6875,0.5,0,1,0.5,0,-1.9,0.5,0,2,2001,18,New England Patriots
0,0.5625,0.5,0,0,0.333333333,1,1.8,0.333333333,0,3,2002,18,New England Patriots*
0,0.875,0.5,0,0,0.5,0,0.1,0.5,0,4,2003,18,New England Patriots
0,0.875,0.5,0,0,0.6,0,1.8,0.6,0,5,2004,18,New England Patriots*
0,0.625,0.5,0,0,0.666666667,0,0.6,0.5,0,6,2005,18,New England Patriots*
0,0.75,0.5,0,0,0.714285714,0,1,0.428571429,0,7,2006,18,New England Patriots*
0,1,0.5,0,0,0.75,0,0.4,0.375,0,8,2007,18,New England Patriots*
0,0.6875,0.5,0,0,0.666666667,0,-2.4,0.333333333,0,9,2008,18,New England Patriots*
0,0.625,0.5,0,0,0.6,0,2.3,0.3,0,10,2009,18,New England Patriots
0,0.875,0.5,0,0,0.636363636,0,2.6,0.272727273,0,11,2010,18,New England Patriots*
0,0.8125,0.5,0,0,0.666666667,0,-1.4,0.25,0,12,2011,18,New England Patriots*
0,0.75,0.5,0,0,0.692307692,0,-1.4,0.230769231,0,13,2012,18,New England Patriots*
0,0.75,0.5,0,0,0.714285714,0,-0.7,0.214285714,0,14,2013,18,New England Patriots*
0,0.75,0.5,0,0,0.733333333,0,1.3,0.266666667,0,15,2014,18,New England Patriots*
0,0.5,0.125,0,0,0.5,0,-2,0,0,4,2015,18,New England Patriots*
0,0.21875,0.444444444,1,0,0,0,2.9,0,0,1,1983,19,New York Giants
0,0.5625,0.444444444,0,1,0.5,0,1,0,0,2,1984,19,New York Giants*
0,0.625,0.444444444,0,0,0.666666667,1,-3.3,0,0,3,1985,19,New York Giants*
0,0.875,0.444444444,0,0,0.75,0,0.6,0.25,0,4,1986,19,New York Giants*
0,0.4,0.444444444,0,0,0.6,0,1.4,0.2,0,5,1987,19,New York Giants
0,0.625,0.444444444,0,0,0.5,0,-1.3,0.166666667,0,6,1988,19,New York Giants
0,0.75,0.444444444,0,0,0.571428571,0,0.4,0.142857143,0,7,1989,19,New York Giants*
0,0.8125,0.444444444,0,0,0.625,0,-0.1,0.25,0,8,1990,19,New York Giants*
0,0.5,0.8125,1,0,0,0,2,0,0,1,1991,19,New York Giants
1,0.375,0.8125,0,1,0,0,2,0,0,2,1992,19,New York Giants
0,0.6875,0.375,1,0,1,0,-0.5,0,0,1,1993,19,New York Giants*
0,0.5625,0.375,0,1,0.5,0,-0.1,0,0,2,1994,19,New York Giants
0,0.3125,0.375,0,0,0.333333333,1,1.6,0,0,3,1995,19,New York Giants
1,0.375,0.375,0,0,0.25,0,-0.7,0,0,4,1996,19,New York Giants
0,0.65625,0.375,1,0,0,0,-1.1,0,0,1,1997,19,New York Giants*
0,0.5,0.375,0,1,0,0,-1.9,0,1,2,1998,19,New York Giants
0,0.4375,0.375,0,0,0,1,0.7,0,1,3,1999,19,New York Giants
0,0.75,0.375,0,0,0.25,0,-2.7,0,1,4,2000,19,New York Giants*
0,0.4375,0.375,0,0,0.2,0,-0.1,0,1,5,2001,19,New York Giants
0,0.625,0.375,0,0,0.166666667,0,-1.7,0,1,6,2002,19,New York Giants*
1,0.25,0.375,0,0,0.142857143,0,0.4,0,1,7,2003,19,New York Giants
0,0.375,0.25,1,0,0,0,-1.2,0,0,1,2004,19,New York Giants
0,0.6875,0.25,0,1,0,0,0.7,0,0,2,2005,19,New York Giants*
0,0.5,0.25,0,0,0,1,0.5,0,0,3,2006,19,New York Giants*
0,0.625,0.25,0,0,0.25,0,1.9,0.25,1,4,2007,19,New York Giants*
0,0.75,0.25,0,0,0.4,0,0.1,0.2,1,5,2008,19,New York Giants*
0,0.5,0.25,0,0,0.333333333,0,1.6,0.166666667,1,6,2009,19,New York Giants
0,0.625,0.25,0,0,0.285714286,0,-0.8,0.142857143,1,7,2010,19,New York Giants
0,0.5625,0.25,0,0,0.375,0,2,0.25,1,8,2011,19,New York Giants*
0,0.5625,0.25,0,0,0.333333333,0,0.9,0.222222222,1,9,2012,19,New York Giants
0,0.4375,0.25,0,0,0.3,0,0.2,0.2,1,10,2013,19,New York Giants
0,0.375,0.25,0,0,0.272727273,0,-0.4,0.181818182,1,11,2014,19,New York Giants
0,0.3125,0.3125,0,0,0.75,0,2.6,0.125,0,8,2015,19,New York Giants
0,0.4375,0.666666667,1,0,0,0,-0.1,0,0,1,1983,20,New York Jets
0,0.4375,0.666666667,0,1,0,0,-2.5,0,0,2,1984,20,New York Jets
0,0.6875,0.666666667,0,0,0,1,0.9,0,0,3,1985,20,New York Jets*
0,0.625,0.666666667,0,0,0.25,0,0,0,0,4,1986,20,New York Jets*
0,0.4,0.666666667,0,0,0.2,0,0.4,0,0,5,1987,20,New York Jets
0,0.53125,0.666666667,0,0,0.166666667,0,0.3,0,1,6,1988,20,New York Jets
1,0.25,0.666666667,0,0,0.142857143,0,-0.2,0,1,7,1989,20,New York Jets
0,0.375,0.25,1,0,0,0,-1.5,0,0,1,1990,20,New York Jets
0,0.5,0.25,0,1,0,0,-3.8,0,0,2,1991,20,New York Jets*
0,0.25,0.25,0,0,0,1,-0.9,0,0,3,1992,20,New York Jets
1,0.5,0.25,0,0,0,0,-0.6,0,0,4,1993,20,New York Jets
1,0.375,0.5,1,0,0,0,1.3,0,0,1,1994,20,New York Jets
0,0.1875,0.375,1,0,0,0,-1.7,0,0,1,1995,20,New York Jets
1,0.0625,0.375,0,1,0,0,0.8,0,0,2,1996,20,New York Jets
0,0.5625,0.0625,1,0,0,0,-0.9,0,0,1,1997,20,New York Jets
0,0.75,0.0625,0,1,0.5,0,1.8,0,0,2,1998,20,New York Jets*
0,0.5,0.0625,0,0,0.333333333,1,3.1,0,0,3,1999,20,New York Jets
0,0.5625,0.5,1,0,0,0,3.5,0,0,1,2000,20,New York Jets
0,0.625,0.5625,1,0,0,0,0,0,0,1,2001,20,New York Jets*
0,0.5625,0.5625,0,1,0.5,0,1.7,0,0,2,2002,20,New York Jets*
0,0.375,0.5625,0,0,0.333333333,1,0.4,0,1,3,2003,20,New York Jets
0,0.625,0.5625,0,0,0.5,0,2.1,0,1,4,2004,20,New York Jets*
1,0.25,0.5625,0,0,0.4,0,0.8,0,1,5,2005,20,New York Jets
0,0.625,0.25,1,0,0,0,0.7,0,0,1,2006,20,New York Jets*
0,0.25,0.25,0,1,0,0,1.7,0,0,2,2007,20,New York Jets
1,0.5625,0.25,0,0,0,1,-2.8,0,0,3,2008,20,New York Jets
0,0.5625,0.5625,1,0,1,0,1.6,0,0,1,2009,20,New York Jets*
0,0.6875,0.5625,0,1,1,0,2.5,0,0,2,2010,20,New York Jets*
0,0.5,0.5625,0,0,0.666666667,1,0,0,0,3,2011,20,New York Jets
0,0.375,0.5625,0,0,0.5,0,0,0,0,4,2012,20,New York Jets
0,0.5,0.5625,0,0,0.4,0,0,0,1,5,2013,20,New York Jets
1,0.25,0.5625,0,0,0.333333333,0,2.3,0,1,6,2014,20,New York Jets
1,0.3125,0.5,1,0,0,0,3.8,0,0,1,2015,20,New York Jets
0,0.1875,0.125,1,0,0,0,0.3,0,0,1,1984,21,Houston Oilers
0,0.3125,0.3125,1,0,0,0,-0.5,0,0,1,1986,21,Houston Oilers
0,0.6,0.3125,0,1,0.5,0,2.2,0,0,2,1987,21,Houston Oilers
0,0.625,0.3125,0,0,0.666666667,1,-0.7,0,0,3,1988,21,Houston Oilers
0,0.5625,0.3125,0,0,0.5,0,0.4,0,0,4,1989,21,Houston Oilers*
0,0.5625,0.5625,1,0,0,0,-0.9,0,0,1,1990,21,Houston Oilers*
0,0.6875,0.5625,0,1,0.5,0,-0.1,0,0,2,1991,21,Houston Oilers*
0,0.625,0.5625,0,0,0.333333333,1,-0.3,0,0,3,1992,21,Houston Oilers*
0,0.75,0.5625,0,0,0.5,0,-0.9,0,0,4,1993,21,Houston Oilers*
0,0.4375,0.125,1,0,0,0,-0.7,0,0,1,1995,21,Houston Oilers*
0,0.5,0.125,0,1,0,0,-0.7,0,0,2,1996,21,Houston Oilers*
0,0.5,0.125,0,0,0,1,0.2,0,0,3,1997,21,Houston Oilers
0,0.5,0.125,0,0,0,0,-0.6,0,0,4,1998,21,Houston Oilers
0,0.8125,0.125,0,0,0.2,0,-3.2,0,0,5,1999,21,Houston Oilers
0,0.8125,0.125,0,0,0.333333333,0,-1.3,0,0,6,2000,21,Tennessee Oilers
0,0.4375,0.125,0,0,0.285714286,0,1.2,0,0,7,2001,21,Tennessee Oilers
0,0.6875,0.125,0,0,0.375,0,-0.9,0,0,8,2002,21,Tennessee Titans*
0,0.75,0.125,0,0,0.444444444,0,-0.5,0,0,9,2003,21,Tennessee Titans*
0,0.3125,0.125,0,0,0.4,0,1.5,0,0,10,2004,21,Tennessee Titans
0,0.25,0.125,0,0,0.363636364,0,0.1,0,0,11,2005,21,Tennessee Titans*
0,0.5,0.125,0,0,0.333333333,0,3.5,0,0,12,2006,21,Tennessee Titans*
0,0.625,0.125,0,0,0.307692308,0,0.5,0,1,13,2007,21,Tennessee Titans
0,0.8125,0.125,0,0,0.357142857,0,0.1,0,1,14,2008,21,Tennessee Titans
0,0.5,0.125,0,0,0.333333333,0,0.2,0,1,15,2009,21,Tennessee Titans
1,0.375,0.125,0,0,0.3125,0,0,0,1,16,2010,21,Tennessee Titans*
0,0.5625,0.375,1,0,0,0,-1.5,0,0,1,2011,21,Tennessee Titans*
0,0.375,0.375,0,1,0,0,-1.2,0,1,2,2012,21,Tennessee Titans
1,0.4375,0.375,0,0,0,1,0.4,0,1,3,2013,21,Tennessee Titans
0,0.125,0.4375,1,0,0,0,-0.3,0,0,1,2014,21,Tennessee Titans
0,0.4375,0.4375,0,1,0,0,2.4,0,0,2,2015,21,Tennessee Titans
0,0.3125,0.333333333,1,0,0,0,2.4,0,0,1,1983,22,Philadelphia Eagles
0,0.40625,0.333333333,0,1,0,0,0.2,0,0,2,1984,22,Philadelphia Eagles
0,0.34375,0.4375,1,0,0,0,2,0,0,1,1986,22,Philadelphia Eagles
0,0.466666667,0.4375,0,1,0,0,0.8,0,0,2,1987,22,Philadelphia Eagles
0,0.625,0.4375,0,0,0.333333333,1,-0.3,0,0,3,1988,22,Philadelphia Eagles
0,0.6875,0.4375,0,0,0.25,0,0.8,0,0,4,1989,22,Philadelphia Eagles*
1,0.625,0.4375,0,0,0.2,0,-0.5,0,0,5,1990,22,Philadelphia Eagles*
0,0.625,0.625,1,0,0,0,2.1,0,0,1,1991,22,Philadelphia Eagles*
0,0.6875,0.625,0,1,0.5,0,2.1,0,0,2,1992,22,Philadelphia Eagles
0,0.5,0.625,0,0,0.333333333,1,1.8,0,0,3,1993,22,Philadelphia Eagles*
1,0.4375,0.625,0,0,0.25,0,0.6,0,0,4,1994,22,Philadelphia Eagles
0,0.625,0.4375,1,0,1,0,-0.5,0,0,1,1995,22,Philadelphia Eagles
0,0.625,0.4375,0,1,0.5,0,-0.8,0,1,2,1996,22,Philadelphia Eagles*
0,0.40625,0.4375,0,0,0.333333333,1,0.5,0,1,3,1997,22,Philadelphia Eagles*
1,0.1875,0.4375,0,0,0.25,0,-1.3,0,1,4,1998,22,Philadelphia Eagles
0,0.3125,0.1875,1,0,0,0,1.1,0,0,1,1999,22,Philadelphia Eagles
0,0.6875,0.1875,0,1,0.5,0,-3.6,0,0,2,2000,22,Philadelphia Eagles
0,0.6875,0.1875,0,0,0.666666667,1,-0.7,0,1,3,2001,22,Philadelphia Eagles*
0,0.75,0.1875,0,0,0.75,0,-2.6,0,1,4,2002,22,Philadelphia Eagles*
0,0.75,0.1875,0,0,0.8,0,-1,0,1,5,2003,22,Philadelphia Eagles*
0,0.8125,0.1875,0,0,0.833333333,0,-2.3,0,1,6,2004,22,Philadelphia Eagles*
0,0.375,0.1875,0,0,0.714285714,0,2.6,0,1,7,2005,22,Philadelphia Eagles*
0,0.625,0.1875,0,0,0.75,0,-1,0,1,8,2006,22,Philadelphia Eagles
0,0.5,0.1875,0,0,0.666666667,0,3,0,1,9,2007,22,Philadelphia Eagles*
0,0.59375,0.1875,0,0,0.7,0,-0.1,0,1,10,2008,22,Philadelphia Eagles
0,0.6875,0.1875,0,0,0.636363636,0,0.2,0,1,11,2009,22,Philadelphia Eagles*
0,0.625,0.1875,0,0,0.583333333,0,0.3,0,1,12,2010,22,Philadelphia Eagles*
0,0.5,0.1875,0,0,0.538461538,0,0.5,0,1,13,2011,22,Philadelphia Eagles*
1,0.25,0.1875,0,0,0.5,0,1.4,0,1,14,2012,22,Philadelphia Eagles
0,0.625,0.25,1,0,0,0,-1.9,0,0,1,2013,22,Philadelphia Eagles
0,0.625,0.25,0,1,0,0,-0.7,0,0,2,2014,22,Philadelphia Eagles*
0,0.4375,0.125,0,0,0,0,3,0,1,4,2015,22,Philadelphia Eagles*
0,0.625,0.178571429,0,0,0.6,0,-3.3,0.266666667,1,15,1983,23,Pittsburgh Steelers*
0,0.5625,0.178571429,0,0,0.625,0,-1.6,0.25,1,16,1984,23,Pittsburgh Steelers*
0,0.4375,0.178571429,0,0,0.588235294,0,-2,0.235294118,1,17,1985,23,Pittsburgh Steelers
0,0.375,0.178571429,0,0,0.555555556,0,0.9,0.222222222,1,18,1986,23,Pittsburgh Steelers
0,0.533333333,0.178571429,0,0,0.526315789,0,1.6,0.210526316,1,19,1987,23,Pittsburgh Steelers
0,0.3125,0.178571429,0,0,0.5,0,0,0.2,1,20,1988,23,Pittsburgh Steelers
0,0.5625,0.178571429,0,0,0.523809524,0,0.1,0.19047619,1,21,1989,23,Pittsburgh Steelers*
0,0.5625,0.178571429,0,0,0.5,0,-1.6,0.181818182,1,22,1990,23,Pittsburgh Steelers
0,0.4375,0.178571429,0,0,0.47826087,0,0.3,0.173913043,1,23,1991,23,Pittsburgh Steelers
0,0.6875,0.4375,1,0,1,0,-1,0,0,1,1992,23,Pittsburgh Steelers*
0,0.5625,0.4375,0,1,0.5,0,-0.2,0,0,2,1993,23,Pittsburgh Steelers*
0,0.75,0.4375,0,0,0.666666667,1,-0.4,0,0,3,1994,23,Pittsburgh Steelers*
0,0.6875,0.4375,0,0,0.75,0,-0.4,0,0,4,1995,23,Pittsburgh Steelers*
0,0.625,0.4375,0,0,0.8,0,-0.3,0,0,5,1996,23,Pittsburgh Steelers*
0,0.6875,0.4375,0,0,0.833333333,0,1.2,0,0,6,1997,23,Pittsburgh Steelers*
0,0.4375,0.4375,0,0,0.714285714,0,-1.3,0,0,7,1998,23,Pittsburgh Steelers
0,0.375,0.4375,0,0,0.625,0,-2.2,0,0,8,1999,23,Pittsburgh Steelers
0,0.5625,0.4375,0,0,0.555555556,0,-0.2,0,1,9,2000,23,Pittsburgh Steelers
0,0.8125,0.4375,0,0,0.6,0,-1.4,0,1,10,2001,23,Pittsburgh Steelers*
0,0.65625,0.4375,0,0,0.636363636,0,-0.1,0,1,11,2002,23,Pittsburgh Steelers*
0,0.375,0.4375,0,0,0.583333333,0,0.6,0,1,12,2003,23,Pittsburgh Steelers
0,0.9375,0.4375,0,0,0.615384615,0,1.4,0,1,13,2004,23,Pittsburgh Steelers*
0,0.6875,0.4375,0,0,0.642857143,0,-0.4,0.071428571,1,14,2005,23,Pittsburgh Steelers*
0,0.5,0.4375,0,0,0.6,0,1,0.066666667,1,15,2006,23,Pittsburgh Steelers
0,0.625,0.5,1,0,0,0,-2.5,0,0,1,2007,23,Pittsburgh Steelers*
0,0.75,0.5,0,1,0.5,0,2,0.5,0,2,2008,23,Pittsburgh Steelers*
0,0.5625,0.5,0,0,0.333333333,1,-1.1,0.333333333,0,3,2009,23,Pittsburgh Steelers
0,0.75,0.5,0,0,0.5,0,1.3,0.25,0,4,2010,23,Pittsburgh Steelers*
0,0.75,0.5,0,0,0.4,0,-0.8,0.2,0,5,2011,23,Pittsburgh Steelers*
0,0.5,0.5,0,0,0.333333333,0,-2,0.166666667,0,6,2012,23,Pittsburgh Steelers
0,0.5,0.5,0,0,0.285714286,0,-2.5,0.142857143,0,7,2013,23,Pittsburgh Steelers
0,0.6875,0.5,0,0,0.25,0,-2,0.125,0,8,2014,23,Pittsburgh Steelers*
1,0.375,0.25,0,1,0,0,-3,0,0,2,2015,23,Pittsburgh Steelers*
0,0.75,0.5625,0,0,0.6,0,0.3,0.4,0,5,1983,24,Los Angeles Raiders*
0,0.6875,0.5625,0,0,0.5,0,1.2,0.333333333,0,6,1984,24,Los Angeles Raiders*
0,0.75,0.5625,0,0,0.571428571,0,1.5,0.285714286,0,7,1985,24,Los Angeles Raiders*
0,0.5,0.5625,0,0,0.5,0,1.6,0.25,0,8,1986,24,Los Angeles Raiders
1,0.333333333,0.5625,0,0,0.444444444,0,-0.8,0.222222222,0,9,1987,24,Los Angeles Raiders
0,0.4375,0.333333333,1,0,0,0,-0.8,0,0,1,1988,24,Los Angeles Raiders
0,0.75,0.5,1,0,1,0,2.2,0,0,1,1990,24,Los Angeles Raiders
0,0.5625,0.5,0,1,0.5,0,1.3,0,0,2,1991,24,Los Angeles Raiders*
0,0.4375,0.5,0,0,0.333333333,1,0.4,0,0,3,1992,24,Los Angeles Raiders*
0,0.625,0.5,0,0,0.5,0,0.6,0,0,4,1993,24,Los Angeles Raiders
1,0.5625,0.5,0,0,0.4,0,-0.1,0,0,5,1994,24,Los Angeles Raiders*
0,0.5,0.5625,1,0,0,0,1.1,0,0,1,1995,24,Los Angeles Raiders
1,0.4375,0.5625,0,1,0,0,-0.5,0,0,2,1996,24,Oakland Raiders
1,0.25,0.4375,1,0,0,0,0.8,0,0,1,1997,24,Oakland Raiders
0,0.5,0.25,1,0,0,0,-1.4,0,0,1,1998,24,Oakland Raiders
0,0.5,0.25,0,1,0,0,2.9,0,0,2,1999,24,Oakland Raiders
0,0.75,0.25,0,0,0.333333333,1,-1.5,0,0,3,2000,24,Oakland Raiders
0,0.625,0.25,0,0,0.5,0,-0.9,0,0,4,2001,24,Oakland Raiders*
0,0.6875,0.625,1,0,1,0,1.5,0,0,1,2002,24,Oakland Raiders*
1,0.25,0.625,0,1,0.5,0,1.3,0,0,2,2003,24,Oakland Raiders*
0,0.3125,0.25,1,0,0,0,3.4,0,0,1,2004,24,Oakland Raiders
1,0.25,0.25,0,1,0,0,3,0,0,2,2005,24,Oakland Raiders
1,0.125,0.25,1,0,0,0,0.6,0,0,1,2006,24,Oakland Raiders
0,0.25,0.125,1,0,0,0,1.2,0,0,1,2007,24,Oakland Raiders
0,0.3125,0.3125,1,0,0,0,1.1,0,0,1,2009,24,Oakland Raiders
1,0.5,0.3125,0,1,0,0,-2.3,0,0,2,2010,24,Oakland Raiders
1,0.5,0.5,1,0,0,0,-0.3,0,0,1,2011,24,Oakland Raiders
0,0.25,0.5,1,0,0,0,-1.3,0,0,1,2012,24,Oakland Raiders
0,0.25,0.5,0,1,0,0,0.2,0,0,2,2013,24,Oakland Raiders
1,0.375,0.25,0,0,0.25,0,-2.2,0.166666667,1,12,2015,24,Oakland Raiders
0,0.5625,0.222222222,1,0,1,0,1.8,0,0,1,1983,25,Los Angeles Rams*
0,0.625,0.222222222,0,1,0.5,0,0.4,0,0,2,1984,25,Los Angeles Rams*
0,0.6875,0.222222222,0,0,0.666666667,1,-1.3,0,1,3,1985,25,Los Angeles Rams*
0,0.625,0.222222222,0,0,0.5,0,-0.8,0,1,4,1986,25,Los Angeles Rams*
0,0.4,0.222222222,0,0,0.4,0,1.1,0,1,5,1987,25,Los Angeles Rams
0,0.625,0.222222222,0,0,0.333333333,0,-0.6,0,1,6,1988,25,Los Angeles Rams*
0,0.6875,0.222222222,0,0,0.428571429,0,-0.5,0,1,7,1989,25,Los Angeles Rams*
0,0.3125,0.222222222,0,0,0.375,0,-0.1,0,1,8,1990,25,Los Angeles Rams
1,0.1875,0.222222222,0,0,0.333333333,0,3.7,0,1,9,1991,25,Los Angeles Rams
0,0.375,0.1875,1,0,0,0,1.5,0,0,1,1992,25,Los Angeles Rams
0,0.3125,0.1875,0,1,0,0,0.7,0,0,2,1993,25,Los Angeles Rams
1,0.25,0.1875,0,0,0,1,-0.3,0,0,3,1994,25,Los Angeles Rams
0,0.4375,0.25,1,0,0,0,0.4,0,0,1,1995,25,St. Louis Rams
1,0.375,0.25,0,1,0,0,0.3,0,0,2,1996,25,St. Louis Rams
0,0.3125,0.375,1,0,0,0,-0.2,0,0,1,1997,25,St. Louis Rams
0,0.25,0.375,0,1,0,0,3.5,0,0,2,1998,25,St. Louis Rams
0,0.8125,0.375,0,0,0.333333333,1,-5.9,0.333333333,0,3,1999,25,St. Louis Rams*
0,0.625,0.8125,1,0,0,0,-1.2,0,0,1,2000,25,St. Louis Rams*
0,0.875,0.8125,0,1,0.5,0,-1,0,0,2,2001,25,St. Louis Rams*
0,0.4375,0.8125,0,0,0.333333333,1,0,0,0,3,2002,25,St. Louis Rams
0,0.75,0.8125,0,0,0.5,0,-1.6,0,0,4,2003,25,St. Louis Rams*
0,0.5,0.8125,0,0,0.6,0,-1.4,0,0,5,2004,25,St. Louis Rams*
0,0.5,0.375,1,0,0,0,-3.1,0,0,1,2006,25,St. Louis Rams
0,0.1875,0.375,0,1,0,0,-2,0,0,2,2007,25,St. Louis Rams
0,0.0625,0.125,1,0,0,0,-1.1,0,0,1,2009,25,St. Louis Rams
0,0.4375,0.125,0,1,0,0,-4.2,0,0,2,2010,25,St. Louis Rams
1,0.125,0.125,0,0,0,1,2.9,0,0,3,2011,25,St. Louis Rams
0,0.46875,0.125,1,0,0,0,3.4,0,0,1,2012,25,St. Louis Rams
0,0.4375,0.125,0,1,0,0,3.2,0,0,2,2013,25,St. Louis Rams
0,0.375,0.125,0,0,0,1,1,0,1,3,2014,25,St. Louis Rams
0,0.4375,0.625,0,0,0.444444444,0,-2.3,0.111111111,0,9,2015,25,St. Louis Rams
NA,0.25,0.25,1,0,0,0,1.4,0,0,1,1996,26,Baltimore Ravens
0,0.40625,0.25,1,0,0,0,0.6,0,0,1,1997,26,Baltimore Ravens
1,0.375,0.25,0,1,0,0,-1.3,0,0,2,1998,26,Baltimore Ravens
0,0.5,0.375,1,0,0,0,-2,0,0,1,1999,26,Baltimore Ravens
0,0.75,0.375,0,1,0.5,0,-2.5,0.5,0,2,2000,26,Baltimore Ravens*
0,0.625,0.375,0,0,0.666666667,1,0.8,0.333333333,0,3,2001,26,Baltimore Ravens*
0,0.4375,0.375,0,0,0.5,0,0.3,0.25,0,4,2002,26,Baltimore Ravens
0,0.625,0.375,0,0,0.4,0,-0.6,0.2,0,5,2003,26,Baltimore Ravens*
0,0.5625,0.375,0,0,0.333333333,0,3.1,0.166666667,0,6,2004,26,Baltimore Ravens
0,0.375,0.375,0,0,0.285714286,0,0.3,0.142857143,0,7,2005,26,Baltimore Ravens
0,0.8125,0.375,0,0,0.375,0,-0.2,0.125,0,8,2006,26,Baltimore Ravens*
1,0.3125,0.375,0,0,0.333333333,0,0.1,0.111111111,0,9,2007,26,Baltimore Ravens
0,0.6875,0.3125,1,0,1,0,1,0,0,1,2008,26,Baltimore Ravens*
0,0.5625,0.3125,0,1,1,0,-0.6,0,0,2,2009,26,Baltimore Ravens*
0,0.75,0.3125,0,0,1,1,1,0,0,3,2010,26,Baltimore Ravens*
0,0.75,0.3125,0,0,1,0,-0.9,0,0,4,2011,26,Baltimore Ravens*
0,0.625,0.3125,0,0,1,0,-0.5,0.2,0,5,2012,26,Baltimore Ravens*
0,0.5,0.3125,0,0,0.833333333,0,-1.5,0.166666667,0,6,2013,26,Baltimore Ravens
0,0.625,0.3125,0,0,0.857142857,0,-2.1,0.142857143,0,7,2014,26,Baltimore Ravens*
1,0.25,0.4375,0,0,0.333333333,1,2.2,0,0,3,2015,26,Baltimore Ravens*
0,0.375,0.5625,0,0,0.8,0,1.9,0,0,5,1983,27,San Diego Chargers
0,0.4375,0.5625,0,0,0.666666667,0,2,0,0,6,1984,27,San Diego Chargers
0,0.5,0.5625,0,0,0.571428571,0,-0.9,0,0,7,1985,27,San Diego Chargers
0,0.533333333,0.25,1,0,0,0,0.5,0,0,1,1987,27,San Diego Chargers
1,0.375,0.25,0,1,0,0,-1.1,0,0,2,1988,27,San Diego Chargers
0,0.375,0.375,1,0,0,0,0.8,0,0,1,1989,27,San Diego Chargers
0,0.375,0.375,0,1,0,0,0.2,0,1,2,1990,27,San Diego Chargers
1,0.25,0.375,0,0,0,1,2,0,1,3,1991,27,San Diego Chargers
0,0.6875,0.25,1,0,1,0,-2.8,0,0,1,1992,27,San Diego Chargers
0,0.5,0.25,0,1,0.5,0,0.3,0,0,2,1993,27,San Diego Chargers*
0,0.6875,0.25,0,0,0.666666667,1,-1.1,0,0,3,1994,27,San Diego Chargers
0,0.5625,0.25,0,0,0.5,0,1.6,0,0,4,1995,27,San Diego Chargers*
0,0.5,0.25,0,0,0.4,0,2.4,0,0,5,1996,27,San Diego Chargers*
0,0.25,0.5,1,0,0,0,1,0,0,1,1997,27,San Diego Chargers
0,0.5,0.3125,1,0,0,0,2,0,0,1,1999,27,San Diego Chargers
0,0.0625,0.3125,0,1,0,0,2.6,0,0,2,2000,27,San Diego Chargers
1,0.3125,0.3125,0,0,0,1,-1,0,1,3,2001,27,San Diego Chargers
0,0.5,0.3125,1,0,0,0,1.4,0,0,1,2002,27,San Diego Chargers
0,0.25,0.3125,0,1,0,0,1.2,0,1,2,2003,27,San Diego Chargers
0,0.75,0.3125,0,0,0,1,0.8,0,1,3,2004,27,San Diego Chargers
0,0.5625,0.3125,0,0,0,0,3.3,0,1,4,2005,27,San Diego Chargers
1,0.875,0.3125,0,0,0.2,0,-1.6,0,1,5,2006,27,San Diego Chargers*
0,0.6875,0.875,1,0,1,0,0.8,0,0,1,2007,27,San Diego Chargers
0,0.5,0.875,0,1,1,0,-0.8,0,0,2,2008,27,San Diego Chargers*
0,0.8125,0.875,0,0,1,1,-1.7,0,0,3,2009,27,San Diego Chargers*
0,0.5625,0.875,0,0,0.75,0,-2.6,0,0,4,2010,27,San Diego Chargers*
0,0.5,0.875,0,0,0.6,0,-0.9,0,0,5,2011,27,San Diego Chargers*
1,0.4375,0.875,0,0,0.5,0,-2.3,0,0,6,2012,27,San Diego Chargers
0,0.5625,0.4375,1,0,1,0,-0.3,0,0,1,2013,27,San Diego Chargers
0,0.5625,0.4375,0,1,0.5,0,1.9,0,0,2,2014,27,San Diego Chargers
0,0.1875,0.25,0,1,0,0,3.5,0,0,2,2015,27,San Diego Chargers
0,0.5625,0.444444444,1,0,1,0,1.1,0,0,1,1983,28,Seattle Seahawks*
0,0.75,0.444444444,0,1,1,0,0.5,0,0,2,1984,28,Seattle Seahawks*
0,0.5,0.444444444,0,0,0.666666667,1,1.5,0,0,3,1985,28,Seattle Seahawks
0,0.625,0.444444444,0,0,0.5,0,1.8,0,0,4,1986,28,Seattle Seahawks
0,0.6,0.444444444,0,0,0.4,0,-1.9,0,0,5,1987,28,Seattle Seahawks*
0,0.5625,0.444444444,0,0,0.5,0,-1.4,0,0,6,1988,28,Seattle Seahawks*
0,0.4375,0.444444444,0,0,0.428571429,0,2.6,0,1,7,1989,28,Seattle Seahawks
0,0.5625,0.444444444,0,0,0.375,0,1.5,0,1,8,1990,28,Seattle Seahawks
1,0.4375,0.444444444,0,0,0.333333333,0,0.2,0,1,9,1991,28,Seattle Seahawks
0,0.125,0.4375,1,0,0,0,0.8,0,0,1,1992,28,Seattle Seahawks
0,0.375,0.4375,0,1,0,0,0.9,0,0,2,1993,28,Seattle Seahawks
1,0.375,0.4375,0,0,0,1,-1.2,0,0,3,1994,28,Seattle Seahawks
0,0.5,0.375,1,0,0,0,-0.4,0,0,1,1995,28,Seattle Seahawks
0,0.4375,0.375,0,1,0,0,2,0,0,2,1996,28,Seattle Seahawks
0,0.5,0.375,0,0,0,1,0,0,0,3,1997,28,Seattle Seahawks
1,0.5,0.375,0,0,0,0,-2.4,0,0,4,1998,28,Seattle Seahawks
0,0.5625,0.5,1,0,0,0,2,0,0,1,1999,28,Seattle Seahawks*
0,0.375,0.5,0,1,0,0,1.6,0,0,2,2000,28,Seattle Seahawks
0,0.5625,0.5,0,0,0,1,-0.4,0,0,3,2001,28,Seattle Seahawks
0,0.4375,0.5,0,0,0,0,-0.4,0,0,4,2002,28,Seattle Seahawks
0,0.625,0.5,0,0,0,0,-0.7,0,1,5,2003,28,Seattle Seahawks*
0,0.5625,0.5,0,0,0,0,-2.8,0,1,6,2004,28,Seattle Seahawks*
0,0.8125,0.5,0,0,0.142857143,0,-2.2,0,1,7,2005,28,Seattle Seahawks*
0,0.5625,0.5,0,0,0.25,0,-3.2,0,1,8,2006,28,Seattle Seahawks*
0,0.625,0.5,0,0,0.333333333,0,-4.6,0,1,9,2007,28,Seattle Seahawks*
1,0.25,0.5,0,0,0.3,0,-1.5,0,1,10,2008,28,Seattle Seahawks
1,0.3125,0.25,1,0,0,0,-2.4,0,0,1,2009,28,Seattle Seahawks
0,0.4375,0.3125,1,0,1,0,-3.4,0,0,1,2010,28,Seattle Seahawks*
0,0.4375,0.3125,0,1,0.5,0,0.4,0,1,2,2011,28,Seattle Seahawks
0,0.6875,0.3125,0,0,0.666666667,1,1.8,0,1,3,2012,28,Seattle Seahawks*
0,0.8125,0.3125,0,0,0.75,0,1.4,0.25,1,4,2013,28,Seattle Seahawks*
0,0.75,0.3125,0,0,0.8,0,0.8,0.2,1,5,2014,28,Seattle Seahawks*
0,0.3125,0.125,0,0,0,1,-3,0,0,3,2015,28,Seattle Seahawks*
0,0.625,0.125,0,0,0.4,0,0,0.2,0,5,1983,29,San Francisco 49ers*
0,0.9375,0.125,0,0,0.5,0,-2.8,0.333333333,0,6,1984,29,San Francisco 49ers*
0,0.625,0.125,0,0,0.428571429,0,-0.5,0.285714286,0,7,1985,29,San Francisco 49ers*
0,0.65625,0.125,0,0,0.5,0,-0.9,0.25,0,8,1986,29,San Francisco 49ers*
0,0.866666667,0.125,0,0,0.555555556,0,-0.4,0.222222222,0,9,1987,29,San Francisco 49ers*
0,0.625,0.125,0,0,0.6,0,0.1,0.3,0,10,1988,29,San Francisco 49ers*
0,0.875,0.625,1,0,1,0,-1.1,1,0,1,1989,29,San Francisco 49ers*
0,0.875,0.625,0,1,1,0,-1.4,0.5,0,2,1990,29,San Francisco 49ers*
0,0.625,0.625,0,0,0.666666667,1,1.2,0.333333333,0,3,1991,29,San Francisco 49ers
0,0.875,0.625,0,0,0.75,0,-0.4,0.25,0,4,1992,29,San Francisco 49ers*
0,0.625,0.625,0,0,0.8,0,-1.5,0.2,0,5,1993,29,San Francisco 49ers*
0,0.8125,0.625,0,0,0.833333333,0,-1.4,0.333333333,0,6,1994,29,San Francisco 49ers*
0,0.6875,0.625,0,0,0.857142857,0,-0.7,0.285714286,0,7,1995,29,San Francisco 49ers*
0,0.75,0.625,0,0,0.875,0,-0.8,0.25,0,8,1996,29,San Francisco 49ers*
0,0.8125,0.75,1,0,1,0,-1.8,0,0,1,1997,29,San Francisco 49ers*
0,0.75,0.75,0,1,1,0,1.2,0,0,2,1998,29,San Francisco 49ers*
0,0.25,0.75,0,0,0.666666667,1,-1.5,0,0,3,1999,29,San Francisco 49ers
0,0.375,0.75,0,0,0.5,0,-1.7,0,0,4,2000,29,San Francisco 49ers
0,0.75,0.75,0,0,0.4,0,-1.1,0,1,5,2001,29,San Francisco 49ers*
1,0.625,0.75,0,0,0.5,0,-0.4,0,1,6,2002,29,San Francisco 49ers*
0,0.4375,0.625,1,0,0,0,0.1,0,0,1,2003,29,San Francisco 49ers
1,0.125,0.625,0,1,0,0,-1.6,0,0,2,2004,29,San Francisco 49ers
0,0.25,0.125,1,0,0,0,0.7,0,0,1,2005,29,San Francisco 49ers
0,0.4375,0.125,0,1,0,0,-1.6,0,0,2,2006,29,San Francisco 49ers
0,0.3125,0.125,0,0,0,1,-2.9,0,0,3,2007,29,San Francisco 49ers
0,0.5,0.4375,1,0,0,0,-3,0,0,1,2009,29,San Francisco 49ers
0,0.8125,0.375,1,0,1,0,-1.1,0,0,1,2011,29,San Francisco 49ers
0,0.71875,0.375,0,1,1,0,2.5,0,0,2,2012,29,San Francisco 49ers
0,0.75,0.375,0,0,1,1,1.8,0,0,3,2013,29,San Francisco 49ers*
0,0.5,0.375,0,0,0.75,0,1.2,0,0,4,2014,29,San Francisco 49ers*
0,0.375,0.375,0,0,0,0,-1.9,0,1,4,2015,29,San Francisco 49ers*
0,0.125,0,0,0,0.285714286,0,-0.3,0,1,7,1983,30,Tampa Bay Buccaneers
1,0.375,0,0,0,0.25,0,-0.7,0,1,8,1984,30,Tampa Bay Buccaneers
0,0.125,0.375,1,0,0,0,2.2,0,0,1,1985,30,Tampa Bay Buccaneers
1,0.125,0.375,0,1,0,0,-0.8,0,0,2,1986,30,Tampa Bay Buccaneers
0,0.266666667,0.125,1,0,0,0,-0.8,0,0,1,1987,30,Tampa Bay Buccaneers
0,0.3125,0.125,0,1,0,0,1.5,0,0,2,1988,30,Tampa Bay Buccaneers
0,0.3125,0.125,0,0,0,1,1.1,0,0,3,1989,30,Tampa Bay Buccaneers
1,0.1875,0.375,1,0,0,0,-0.8,0,0,1,1991,30,Tampa Bay Buccaneers
0,0.3125,0.1875,1,0,0,0,0.3,0,0,1,1992,30,Tampa Bay Buccaneers
0,0.3125,0.1875,0,1,0,0,1.1,0,0,2,1993,30,Tampa Bay Buccaneers
0,0.375,0.1875,0,0,0,1,0,0,0,3,1994,30,Tampa Bay Buccaneers
1,0.4375,0.1875,0,0,0,0,1.1,0,1,4,1995,30,Tampa Bay Buccaneers
0,0.375,0.4375,1,0,0,0,1.5,0,0,1,1996,30,Tampa Bay Buccaneers
0,0.625,0.4375,0,1,0.5,0,0.5,0,0,2,1997,30,Tampa Bay Buccaneers
0,0.5,0.4375,0,0,0.333333333,1,0.1,0,0,3,1998,30,Tampa Bay Buccaneers*
0,0.6875,0.4375,0,0,0.5,0,0.4,0,0,4,1999,30,Tampa Bay Buccaneers
0,0.625,0.4375,0,0,0.4,0,-0.1,0,0,5,2000,30,Tampa Bay Buccaneers*
1,0.5625,0.4375,0,0,0.333333333,0,1.3,0,0,6,2001,30,Tampa Bay Buccaneers*
0,0.75,0.5625,1,0,1,0,-0.6,1,0,1,2002,30,Tampa Bay Buccaneers*
0,0.4375,0.5625,0,1,0.5,0,-0.7,0.5,0,2,2003,30,Tampa Bay Buccaneers*
0,0.3125,0.5625,0,0,0.333333333,1,-2.5,0.333333333,1,3,2004,30,Tampa Bay Buccaneers
0,0.6875,0.5625,0,0,0.25,0,-2.6,0.25,1,4,2005,30,Tampa Bay Buccaneers
0,0.25,0.5625,0,0,0.2,0,0.9,0.2,1,5,2006,30,Tampa Bay Buccaneers*
0,0.5625,0.5625,0,0,0.166666667,0,-2.8,0.166666667,1,6,2007,30,Tampa Bay Buccaneers
1,0.5625,0.5625,0,0,0.142857143,0,-0.1,0.142857143,1,7,2008,30,Tampa Bay Buccaneers*
0,0.1875,0.5625,1,0,0,0,4.1,0,0,1,2009,30,Tampa Bay Buccaneers
0,0.625,0.5625,0,1,0,0,-2,0,0,2,2010,30,Tampa Bay Buccaneers
1,0.25,0.5625,0,0,0,1,2.3,0,0,3,2011,30,Tampa Bay Buccaneers
0,0.4375,0.25,1,0,0,0,0.3,0,0,1,2012,30,Tampa Bay Buccaneers
1,0.25,0.25,0,1,0,0,3.6,0,0,2,2013,30,Tampa Bay Buccaneers
0,0.125,0.25,1,0,0,0,-1.5,0,0,1,2014,30,Tampa Bay Buccaneers
0,0.875,0.375,0,0,0.666666667,1,0.9,0.333333333,0,3,1983,31,Washington Redskins*
0,0.6875,0.375,0,0,0.75,0,-0.9,0.25,0,4,1984,31,Washington Redskins*
0,0.625,0.375,0,0,0.6,0,-1,0.2,0,5,1985,31,Washington Redskins
0,0.75,0.375,0,0,0.666666667,0,1,0.166666667,0,6,1986,31,Washington Redskins*
0,0.733333333,0.375,0,0,0.714285714,0,-2.5,0.285714286,0,7,1987,31,Washington Redskins*
0,0.4375,0.375,0,0,0.625,0,0.4,0.25,0,8,1988,31,Washington Redskins
0,0.625,0.375,0,0,0.555555556,0,-0.9,0.222222222,1,9,1989,31,Washington Redskins
0,0.625,0.375,0,0,0.6,0,0.4,0.2,1,10,1990,31,Washington Redskins*
0,0.875,0.375,0,0,0.636363636,0,0.3,0.272727273,1,11,1991,31,Washington Redskins*
0,0.5625,0.375,0,0,0.666666667,0,1.6,0.25,1,12,1992,31,Washington Redskins*
1,0.25,0.5625,1,0,0,0,0.7,0,0,1,1993,31,Washington Redskins
0,0.1875,0.25,1,0,0,0,-0.3,0,0,1,1994,31,Washington Redskins
0,0.375,0.25,0,1,0,0,0.1,0,0,2,1995,31,Washington Redskins
0,0.5625,0.25,0,0,0,1,-1.4,0,0,3,1996,31,Washington Redskins
0,0.53125,0.25,0,0,0,0,-1.1,0,0,4,1997,31,Washington Redskins
0,0.375,0.25,0,0,0,0,-1.1,0,0,5,1998,31,Washington Redskins
0,0.625,0.25,0,0,0.166666667,0,-1.2,0,0,6,1999,31,Washington Redskins*
1,0.5,0.5,1,0,0,0,-0.7,0,0,1,2001,31,Washington Redskins
0,0.4375,0.5,1,0,0,0,-0.8,0,0,1,2002,31,Washington Redskins
1,0.3125,0.5,0,1,0,0,-0.4,0,0,2,2003,31,Washington Redskins
0,0.375,0.3125,1,0,0,0,-1.8,0,0,1,2004,31,Washington Redskins
0,0.625,0.3125,0,1,0.5,0,1.9,0,0,2,2005,31,Washington Redskins
0,0.3125,0.3125,0,0,0.333333333,1,0.3,0,0,3,2006,31,Washington Redskins*
0,0.5625,0.3125,0,0,0.25,0,3,0,0,4,2007,31,Washington Redskins
0,0.5,0.5625,1,0,0,0,0.2,0,0,1,2008,31,Washington Redskins*
1,0.25,0.5625,0,1,0,0,-0.2,0,0,2,2009,31,Washington Redskins
0,0.375,0.25,1,0,0,0,0.9,0,0,1,2010,31,Washington Redskins
0,0.3125,0.25,0,1,0,0,0.8,0,0,2,2011,31,Washington Redskins
0,0.625,0.25,0,0,0,1,0.4,0,0,3,2012,31,Washington Redskins
1,0.1875,0.25,0,0,0,0,-0.3,0,0,4,2013,31,Washington Redskins*
0,0.25,0.1875,1,0,0,0,-0.2,0,0,1,2014,31,Washington Redskins